timestamp,trade_id,instrument,side,open_price,current_price,current_pips,max_pips,action,details
2025-09-25T04:35:00.731327+01:00,69090444,GBP/USD,B,1.34576,1.34609,3.3,3.3,TRACK_START,Started tracking trade - Initial pips: 3.3
2025-09-25T04:35:00.732331+01:00,69090440,USD/JPY,S,148.738,148.681,5.7,5.7,TRACK_START,Started tracking trade - Initial pips: 5.7
2025-09-25T04:36:00.171992+01:00,69090444,GBP/USD,B,1.34576,1.34609,3.3,3.3,MONITOR,"Monitoring - Current: 3.3, Max: 3.3"
2025-09-25T04:36:00.174220+01:00,69090440,USD/JPY,S,148.738,148.681,5.7,5.7,MONITOR,"Monitoring - Current: 5.7, Max: 5.7"
2025-09-25T04:37:00.660045+01:00,69090444,GBP/USD,B,1.34576,1.3461,3.4,3.4,NEW_HIGH,New pip high reached: 3.4 (previous max: 3.3)
2025-09-25T04:37:00.662146+01:00,69090440,USD/JPY,S,148.738,148.68300000000002,5.5,5.7,DECLINING,"Pips declining: 5.5 (max was: 5.7, declining count: 1)"
2025-09-25T04:38:00.099890+01:00,69090444,GBP/USD,B,1.34576,1.34605,2.9,3.4,DECLINING,"Pips declining: 2.9 (max was: 3.4, declining count: 1)"
2025-09-25T04:38:00.104245+01:00,69090440,USD/JPY,S,148.738,148.69500000000002,4.3,4.3,AUTO_CLOSE,Auto-closed due to pip decline from 5.7 to 4.3 (Success: True)
2025-09-25T04:39:00.559610+01:00,69090444,GBP/USD,B,1.34576,1.34606,3.0,3.4,MONITOR,"Monitoring - Current: 3.0, Max: 3.4"
2025-09-25T04:40:00.989332+01:00,69090444,GBP/USD,B,1.34576,1.34607,3.1,3.4,MONITOR,"Monitoring - Current: 3.1, Max: 3.4"
2025-09-25T04:41:00.456608+01:00,69090444,GBP/USD,B,1.34576,1.34606,3.0,3.4,DECLINING,"Pips declining: 3.0 (max was: 3.4, declining count: 1)"
2025-09-25T04:42:00.989703+01:00,69090444,GBP/USD,B,1.34576,1.34605,2.9,2.9,AUTO_CLOSE,Auto-closed due to pip decline from 3.4 to 2.9 (Success: True)
2025-09-25T05:12:00.988647+01:00,69090458,EUR/USD,B,1.17495,1.17494,-0.1,-0.1,TRACK_START,Started tracking trade - Initial pips: -0.1
2025-09-25T05:13:00.410616+01:00,69090458,EUR/USD,B,1.17495,1.17493,-0.2,-0.1,DECLINING,"Pips declining: -0.2 (max was: -0.1, declining count: 1)"
2025-09-25T05:14:00.889281+01:00,69090458,EUR/USD,B,1.17495,1.17492,-0.3,-0.1,DECLINING,"Pips declining: -0.3 (max was: -0.1, declining count: 2)"
2025-09-25T05:15:00.329750+01:00,69090458,EUR/USD,B,1.17495,1.17496,0.1,0.1,NEW_HIGH,New pip high reached: 0.1 (previous max: -0.1)
2025-09-25T05:16:00.776326+01:00,69090458,EUR/USD,B,1.17495,1.17499,0.4,0.4,NEW_HIGH,New pip high reached: 0.4 (previous max: 0.1)
2025-09-25T05:17:00.251920+01:00,69090458,EUR/USD,B,1.17495,1.17496,0.1,0.4,DECLINING,"Pips declining: 0.1 (max was: 0.4, declining count: 1)"
2025-09-25T05:18:00.704874+01:00,69090458,EUR/USD,B,1.17495,1.17495,0.0,0.0,AUTO_CLOSE,Auto-closed due to pip decline from 0.4 to 0.0 (Success: True)
2025-09-25T05:19:00.179055+01:00,69090460,EUR/USD,B,1.17499,1.17499,0.0,0.0,TRACK_START,Started tracking trade - Initial pips: 0.0
2025-09-25T05:20:00.634444+01:00,69090460,EUR/USD,B,1.17499,1.175,0.1,0.1,NEW_HIGH,New pip high reached: 0.1 (previous max: 0.0)
2025-09-25T05:21:00.078896+01:00,69090460,EUR/USD,B,1.17499,1.1751,1.1,1.1,NEW_HIGH,New pip high reached: 1.1 (previous max: 0.1)
2025-09-25T05:22:00.545634+01:00,69090460,EUR/USD,B,1.17499,1.17509,1.0,1.1,DECLINING,"Pips declining: 1.0 (max was: 1.1, declining count: 1)"
2025-09-25T05:23:00.976178+01:00,69090460,EUR/USD,B,1.17499,1.1751,1.1,1.1,MONITOR,"Monitoring - Current: 1.1, Max: 1.1"
2025-09-25T05:24:00.392310+01:00,69090460,EUR/USD,B,1.17499,1.17511,1.2,1.2,NEW_HIGH,New pip high reached: 1.2 (previous max: 1.1)
2025-09-25T05:25:00.819952+01:00,69090460,EUR/USD,B,1.17499,1.17513,1.4,1.4,NEW_HIGH,New pip high reached: 1.4 (previous max: 1.2)
2025-09-25T05:26:00.304376+01:00,69090460,EUR/USD,B,1.17499,1.17514,1.5,1.5,NEW_HIGH,New pip high reached: 1.5 (previous max: 1.4)
2025-09-25T05:27:00.718863+01:00,69090460,EUR/USD,B,1.17499,1.17515,1.6,1.6,NEW_HIGH,New pip high reached: 1.6 (previous max: 1.5)
2025-09-25T05:28:00.218287+01:00,69090460,EUR/USD,B,1.17499,1.17516,1.7,1.7,NEW_HIGH,New pip high reached: 1.7 (previous max: 1.6)
2025-09-25T05:29:00.641989+01:00,69090460,EUR/USD,B,1.17499,1.17513,1.4,1.7,DECLINING,"Pips declining: 1.4 (max was: 1.7, declining count: 1)"
2025-09-25T05:30:00.059477+01:00,69090460,EUR/USD,B,1.17499,1.17518,1.9,1.9,NEW_HIGH,New pip high reached: 1.9 (previous max: 1.7)
2025-09-25T05:31:00.533853+01:00,69090460,EUR/USD,B,1.17499,1.17523,2.4,2.4,NEW_HIGH,New pip high reached: 2.4 (previous max: 1.9)
2025-09-25T05:32:00.898950+01:00,69090460,EUR/USD,B,1.17499,1.1752799999999999,2.9,2.9,NEW_HIGH,New pip high reached: 2.9 (previous max: 2.4)
2025-09-25T05:33:00.345439+01:00,69090460,EUR/USD,B,1.17499,1.17521,2.2,2.9,DECLINING,"Pips declining: 2.2 (max was: 2.9, declining count: 1)"
2025-09-25T05:34:00.743036+01:00,69090460,EUR/USD,B,1.17499,1.1752799999999999,2.9,2.9,MONITOR,"Monitoring - Current: 2.9, Max: 2.9"
2025-09-25T05:35:00.198612+01:00,69090460,EUR/USD,B,1.17499,1.17523,2.4,2.9,DECLINING,"Pips declining: 2.4 (max was: 2.9, declining count: 1)"
2025-09-25T05:36:00.667950+01:00,69090460,EUR/USD,B,1.17499,1.17524,2.5,2.9,MONITOR,"Monitoring - Current: 2.5, Max: 2.9"
2025-09-25T05:37:00.007982+01:00,69090460,EUR/USD,B,1.17499,1.17527,2.8,2.9,MONITOR,"Monitoring - Current: 2.8, Max: 2.9"
2025-09-25T05:38:00.442799+01:00,69090460,EUR/USD,B,1.17499,1.1752799999999999,2.9,2.9,MONITOR,"Monitoring - Current: 2.9, Max: 2.9"
2025-09-25T05:39:00.846501+01:00,69090460,EUR/USD,B,1.17499,1.1752799999999999,2.9,2.9,MONITOR,"Monitoring - Current: 2.9, Max: 2.9"
2025-09-25T05:40:00.297099+01:00,69090460,EUR/USD,B,1.17499,1.17522,2.3,2.9,DECLINING,"Pips declining: 2.3 (max was: 2.9, declining count: 1)"
2025-09-25T05:41:00.794586+01:00,69090460,EUR/USD,B,1.17499,1.17523,2.4,2.9,MONITOR,"Monitoring - Current: 2.4, Max: 2.9"
2025-09-25T05:42:00.233638+01:00,69090460,EUR/USD,B,1.17499,1.17519,2.0,2.9,DECLINING,"Pips declining: 2.0 (max was: 2.9, declining count: 1)"
2025-09-25T05:43:00.705870+01:00,69090460,EUR/USD,B,1.17499,1.17508,0.9,0.9,AUTO_CLOSE,Auto-closed due to pip decline from 2.9 to 0.9 (Success: True)
2025-09-25T06:09:00.366596+01:00,69090495,GBP/USD,B,1.34612,1.34606,-0.6,-0.6,TRACK_START,Started tracking trade - Initial pips: -0.6
2025-09-25T06:10:00.885505+01:00,69090500,EUR/USD,B,1.17492,1.17486,-0.6,-0.6,TRACK_START,Started tracking trade - Initial pips: -0.6
2025-09-25T06:10:00.887719+01:00,69090495,GBP/USD,B,1.34612,1.34606,-0.6,-0.6,MONITOR,"Monitoring - Current: -0.6, Max: -0.6"
2025-09-25T06:11:00.374716+01:00,69090500,EUR/USD,B,1.17492,1.17485,-0.7,-0.6,DECLINING,"Pips declining: -0.7 (max was: -0.6, declining count: 1)"
2025-09-25T06:11:00.377715+01:00,69090495,GBP/USD,B,1.34612,1.34606,-0.6,-0.6,MONITOR,"Monitoring - Current: -0.6, Max: -0.6"
2025-09-25T06:12:00.855313+01:00,69090500,EUR/USD,B,1.17492,1.1748,-1.2,-0.6,DECLINING,"Pips declining: -1.2 (max was: -0.6, declining count: 2)"
2025-09-25T06:12:00.856313+01:00,69090495,GBP/USD,B,1.34612,1.34599,-1.3,-0.6,DECLINING,"Pips declining: -1.3 (max was: -0.6, declining count: 1)"
2025-09-25T06:13:00.345484+01:00,69090500,EUR/USD,B,1.17492,1.17477,-1.5,-0.6,DECLINING,"Pips declining: -1.5 (max was: -0.6, declining count: 3)"
2025-09-25T06:13:00.346479+01:00,69090495,GBP/USD,B,1.34612,1.34595,-1.7,-0.6,DECLINING,"Pips declining: -1.7 (max was: -0.6, declining count: 2)"
2025-09-25T06:14:00.862885+01:00,69090500,EUR/USD,B,1.17492,1.17463,-2.9,-0.6,DECLINING,"Pips declining: -2.9 (max was: -0.6, declining count: 4)"
2025-09-25T06:14:00.867643+01:00,69090495,GBP/USD,B,1.34612,1.34589,-2.3,-0.6,DECLINING,"Pips declining: -2.3 (max was: -0.6, declining count: 3)"
2025-09-25T06:15:00.420498+01:00,69090500,EUR/USD,B,1.17492,1.17462,-3.0,-0.6,DECLINING,"Pips declining: -3.0 (max was: -0.6, declining count: 5)"
2025-09-25T06:15:00.423489+01:00,69090495,GBP/USD,B,1.34612,1.3457999999999999,-3.2,-0.6,DECLINING,"Pips declining: -3.2 (max was: -0.6, declining count: 4)"
2025-09-25T06:16:00.920633+01:00,69090500,EUR/USD,B,1.17492,1.17456,-3.6,-0.6,DECLINING,"Pips declining: -3.6 (max was: -0.6, declining count: 6)"
2025-09-25T06:16:00.923640+01:00,69090495,GBP/USD,B,1.34612,1.34576,-3.6,-0.6,DECLINING,"Pips declining: -3.6 (max was: -0.6, declining count: 5)"
2025-09-25T06:17:00.450583+01:00,69090500,EUR/USD,B,1.17492,1.17459,-3.3,-0.6,MONITOR,"Monitoring - Current: -3.3, Max: -0.6"
2025-09-25T06:17:00.452569+01:00,69090495,GBP/USD,B,1.34612,1.34576,-3.6,-0.6,MONITOR,"Monitoring - Current: -3.6, Max: -0.6"
2025-09-25T06:18:00.991269+01:00,69090500,EUR/USD,B,1.17492,1.17454,-3.8,-0.6,DECLINING,"Pips declining: -3.8 (max was: -0.6, declining count: 1)"
2025-09-25T06:18:00.993325+01:00,69090495,GBP/USD,B,1.34612,1.34571,-4.1,-0.6,DECLINING,"Pips declining: -4.1 (max was: -0.6, declining count: 1)"
2025-09-25T06:19:00.523716+01:00,69090500,EUR/USD,B,1.17492,1.17455,-3.7,-0.6,MONITOR,"Monitoring - Current: -3.7, Max: -0.6"
2025-09-25T06:19:00.527326+01:00,69090495,GBP/USD,B,1.34612,1.3457,-4.2,-0.6,DECLINING,"Pips declining: -4.2 (max was: -0.6, declining count: 2)"
2025-09-25T06:19:00.527867+01:00,69090510,USD/JPY,S,148.694,148.69,0.4,0.4,TRACK_START,Started tracking trade - Initial pips: 0.4
2025-09-25T06:20:00.040819+01:00,69090500,EUR/USD,B,1.17492,1.17459,-3.3,-0.6,MONITOR,"Monitoring - Current: -3.3, Max: -0.6"
2025-09-25T06:20:00.043567+01:00,69090495,GBP/USD,B,1.34612,1.34576,-3.6,-0.6,MONITOR,"Monitoring - Current: -3.6, Max: -0.6"
2025-09-25T06:20:00.043567+01:00,69090510,USD/JPY,S,148.694,148.692,0.2,0.4,DECLINING,"Pips declining: 0.2 (max was: 0.4, declining count: 1)"
2025-09-25T06:21:00.580217+01:00,69090500,EUR/USD,B,1.17492,1.1746,-3.2,-0.6,MONITOR,"Monitoring - Current: -3.2, Max: -0.6"
2025-09-25T06:21:00.583591+01:00,69090495,GBP/USD,B,1.34612,1.34578,-3.4,-0.6,MONITOR,"Monitoring - Current: -3.4, Max: -0.6"
2025-09-25T06:21:00.585635+01:00,69090510,USD/JPY,S,148.694,148.71200000000002,-1.8,-1.8,AUTO_CLOSE,Auto-closed due to pip decline from 0.4 to -1.8 (Success: True)
2025-09-25T06:22:00.068544+01:00,69090500,EUR/USD,B,1.17492,1.17459,-3.3,-0.6,DECLINING,"Pips declining: -3.3 (max was: -0.6, declining count: 1)"
2025-09-25T06:22:00.070030+01:00,69090495,GBP/USD,B,1.34612,1.34576,-3.6,-0.6,DECLINING,"Pips declining: -3.6 (max was: -0.6, declining count: 1)"
2025-09-25T06:23:00.634468+01:00,69090500,EUR/USD,B,1.17492,1.17449,-4.3,-0.6,DECLINING,"Pips declining: -4.3 (max was: -0.6, declining count: 2)"
2025-09-25T06:23:00.636483+01:00,69090495,GBP/USD,B,1.34612,1.34579,-3.3,-0.6,MONITOR,"Monitoring - Current: -3.3, Max: -0.6"
2025-09-25T06:24:00.139295+01:00,69090500,EUR/USD,B,1.17492,1.17446,-4.6,-0.6,DECLINING,"Pips declining: -4.6 (max was: -0.6, declining count: 3)"
2025-09-25T06:24:00.140284+01:00,69090495,GBP/USD,B,1.34612,1.34569,-4.3,-0.6,DECLINING,"Pips declining: -4.3 (max was: -0.6, declining count: 1)"
2025-09-25T06:25:00.594468+01:00,69090500,EUR/USD,B,1.17492,1.17445,-4.7,-0.6,DECLINING,"Pips declining: -4.7 (max was: -0.6, declining count: 4)"
2025-09-25T06:25:00.595648+01:00,69090514,USD/JPY,S,148.734,148.735,-0.1,-0.1,TRACK_START,Started tracking trade - Initial pips: -0.1
2025-09-25T06:25:00.597996+01:00,69090495,GBP/USD,B,1.34612,1.34568,-4.4,-0.6,DECLINING,"Pips declining: -4.4 (max was: -0.6, declining count: 2)"
2025-09-25T06:26:00.089772+01:00,69090500,EUR/USD,B,1.17492,1.17442,-5.0,-0.6,DECLINING,"Pips declining: -5.0 (max was: -0.6, declining count: 5)"
2025-09-25T06:26:00.092229+01:00,69090514,USD/JPY,S,148.734,148.741,-0.7,-0.1,DECLINING,"Pips declining: -0.7 (max was: -0.1, declining count: 1)"
2025-09-25T06:26:00.094897+01:00,69090495,GBP/USD,B,1.34612,1.34562,-5.0,-0.6,DECLINING,"Pips declining: -5.0 (max was: -0.6, declining count: 3)"
2025-09-25T06:27:00.595926+01:00,69090500,EUR/USD,B,1.17492,1.17443,-4.9,-0.6,MONITOR,"Monitoring - Current: -4.9, Max: -0.6"
2025-09-25T06:27:00.598330+01:00,69090514,USD/JPY,S,148.734,148.746,-1.2,-0.1,DECLINING,"Pips declining: -1.2 (max was: -0.1, declining count: 2)"
2025-09-25T06:27:00.599346+01:00,69090495,GBP/USD,B,1.34612,1.3456,-5.2,-0.6,DECLINING,"Pips declining: -5.2 (max was: -0.6, declining count: 4)"
2025-09-25T06:28:00.040662+01:00,69090500,EUR/USD,B,1.17492,1.17441,-5.1,-0.6,DECLINING,"Pips declining: -5.1 (max was: -0.6, declining count: 1)"
2025-09-25T06:28:00.040662+01:00,69090514,USD/JPY,S,148.734,148.746,-1.2,-0.1,MONITOR,"Monitoring - Current: -1.2, Max: -0.1"
2025-09-25T06:28:00.047103+01:00,69090495,GBP/USD,B,1.34612,1.3456,-5.2,-0.6,MONITOR,"Monitoring - Current: -5.2, Max: -0.6"
2025-09-25T06:29:00.571188+01:00,69090500,EUR/USD,B,1.17492,1.17441,-5.1,-0.6,MONITOR,"Monitoring - Current: -5.1, Max: -0.6"
2025-09-25T06:29:00.571188+01:00,69090514,USD/JPY,S,148.734,148.755,-2.1,-0.1,DECLINING,"Pips declining: -2.1 (max was: -0.1, declining count: 1)"
2025-09-25T06:29:00.573891+01:00,69090495,GBP/USD,B,1.34612,1.34559,-5.3,-0.6,DECLINING,"Pips declining: -5.3 (max was: -0.6, declining count: 1)"
2025-09-25T06:30:00.070376+01:00,69090500,EUR/USD,B,1.17492,1.17438,-5.4,-0.6,DECLINING,"Pips declining: -5.4 (max was: -0.6, declining count: 1)"
2025-09-25T06:30:00.071700+01:00,69090514,USD/JPY,S,148.734,148.755,-2.1,-0.1,MONITOR,"Monitoring - Current: -2.1, Max: -0.1"
2025-09-25T06:30:00.074246+01:00,69090495,GBP/USD,B,1.34612,1.3455,-6.2,-0.6,DECLINING,"Pips declining: -6.2 (max was: -0.6, declining count: 2)"
2025-09-25T06:31:00.624739+01:00,69090500,EUR/USD,B,1.17492,1.17443,-4.9,-0.6,MONITOR,"Monitoring - Current: -4.9, Max: -0.6"
2025-09-25T06:31:00.624739+01:00,69090514,USD/JPY,S,148.734,148.755,-2.1,-0.1,MONITOR,"Monitoring - Current: -2.1, Max: -0.1"
2025-09-25T06:31:00.624739+01:00,69090495,GBP/USD,B,1.34612,1.34567,-4.5,-0.6,MONITOR,"Monitoring - Current: -4.5, Max: -0.6"
2025-09-25T06:32:00.156099+01:00,69090500,EUR/USD,B,1.17492,1.17438,-5.4,-0.6,DECLINING,"Pips declining: -5.4 (max was: -0.6, declining count: 1)"
2025-09-25T06:32:00.158598+01:00,69090514,USD/JPY,S,148.734,148.757,-2.3,-0.1,DECLINING,"Pips declining: -2.3 (max was: -0.1, declining count: 1)"
2025-09-25T06:32:00.161255+01:00,69090495,GBP/USD,B,1.34612,1.34558,-5.4,-0.6,DECLINING,"Pips declining: -5.4 (max was: -0.6, declining count: 1)"
2025-09-25T06:33:00.695896+01:00,69090500,EUR/USD,B,1.17492,1.17434,-5.8,-0.6,DECLINING,"Pips declining: -5.8 (max was: -0.6, declining count: 2)"
2025-09-25T06:33:00.698959+01:00,69090514,USD/JPY,S,148.734,148.745,-1.1,-0.1,MONITOR,"Monitoring - Current: -1.1, Max: -0.1"
2025-09-25T06:33:00.702178+01:00,69090495,GBP/USD,B,1.34612,1.34558,-5.4,-0.6,MONITOR,"Monitoring - Current: -5.4, Max: -0.6"
2025-09-25T06:34:00.269897+01:00,69090500,EUR/USD,B,1.17492,1.17428,-6.4,-0.6,DECLINING,"Pips declining: -6.4 (max was: -0.6, declining count: 3)"
2025-09-25T06:34:00.270886+01:00,69090514,USD/JPY,S,148.734,148.74,-0.6,-0.1,MONITOR,"Monitoring - Current: -0.6, Max: -0.1"
2025-09-25T06:34:00.274248+01:00,69090495,GBP/USD,B,1.34612,1.34556,-5.6,-0.6,DECLINING,"Pips declining: -5.6 (max was: -0.6, declining count: 1)"
2025-09-25T06:35:00.808008+01:00,69090500,EUR/USD,B,1.17492,1.17419,-7.3,-0.6,DECLINING,"Pips declining: -7.3 (max was: -0.6, declining count: 4)"
2025-09-25T06:35:00.809543+01:00,69090514,USD/JPY,S,148.734,148.746,-1.2,-0.1,DECLINING,"Pips declining: -1.2 (max was: -0.1, declining count: 1)"
2025-09-25T06:35:00.812087+01:00,69090495,GBP/USD,B,1.34612,1.34558,-5.4,-0.6,MONITOR,"Monitoring - Current: -5.4, Max: -0.6"
2025-09-25T06:36:00.286151+01:00,69090500,EUR/USD,B,1.17492,1.17418,-7.4,-0.6,DECLINING,"Pips declining: -7.4 (max was: -0.6, declining count: 5)"
2025-09-25T06:36:00.286151+01:00,69090514,USD/JPY,S,148.734,148.746,-1.2,-0.1,MONITOR,"Monitoring - Current: -1.2, Max: -0.1"
2025-09-25T06:36:00.291040+01:00,69090495,GBP/USD,B,1.34612,1.34559,-5.3,-0.6,MONITOR,"Monitoring - Current: -5.3, Max: -0.6"
2025-09-25T06:37:00.805982+01:00,69090500,EUR/USD,B,1.17492,1.17424,-6.8,-0.6,MONITOR,"Monitoring - Current: -6.8, Max: -0.6"
2025-09-25T06:37:00.807988+01:00,69090514,USD/JPY,S,148.734,148.73600000000002,-0.2,-0.1,MONITOR,"Monitoring - Current: -0.2, Max: -0.1"
2025-09-25T06:37:00.810022+01:00,69090495,GBP/USD,B,1.34612,1.34559,-5.3,-0.6,MONITOR,"Monitoring - Current: -5.3, Max: -0.6"
2025-09-25T06:38:00.271599+01:00,69090500,EUR/USD,B,1.17492,1.17428,-6.4,-0.6,MONITOR,"Monitoring - Current: -6.4, Max: -0.6"
2025-09-25T06:38:00.273139+01:00,69090514,USD/JPY,S,148.734,148.72400000000002,1.0,1.0,NEW_HIGH,New pip high reached: 1.0 (previous max: -0.1)
2025-09-25T06:38:00.275423+01:00,69090495,GBP/USD,B,1.34612,1.34566,-4.6,-0.6,MONITOR,"Monitoring - Current: -4.6, Max: -0.6"
2025-09-25T06:39:00.766826+01:00,69090500,EUR/USD,B,1.17492,1.1743,-6.2,-0.6,MONITOR,"Monitoring - Current: -6.2, Max: -0.6"
2025-09-25T06:39:00.768237+01:00,69090514,USD/JPY,S,148.734,148.735,-0.1,1.0,DECLINING,"Pips declining: -0.1 (max was: 1.0, declining count: 1)"
2025-09-25T06:39:00.770734+01:00,69090495,GBP/USD,B,1.34612,1.34565,-4.7,-0.6,DECLINING,"Pips declining: -4.7 (max was: -0.6, declining count: 1)"
2025-09-25T06:40:00.305015+01:00,69090500,EUR/USD,B,1.17492,1.1743999999999999,-5.2,-0.6,MONITOR,"Monitoring - Current: -5.2, Max: -0.6"
2025-09-25T06:40:00.306096+01:00,69090514,USD/JPY,S,148.734,148.733,0.1,1.0,MONITOR,"Monitoring - Current: 0.1, Max: 1.0"
2025-09-25T06:40:00.308255+01:00,69090495,GBP/USD,B,1.34612,1.34576,-3.6,-0.6,MONITOR,"Monitoring - Current: -3.6, Max: -0.6"
2025-09-25T06:41:00.782713+01:00,69090500,EUR/USD,B,1.17492,1.17434,-5.8,-0.6,DECLINING,"Pips declining: -5.8 (max was: -0.6, declining count: 1)"
2025-09-25T06:41:00.783948+01:00,69090514,USD/JPY,S,148.734,148.722,1.2,1.2,NEW_HIGH,New pip high reached: 1.2 (previous max: 1.0)
2025-09-25T06:41:00.787621+01:00,69090495,GBP/USD,B,1.34612,1.34567,-4.5,-0.6,DECLINING,"Pips declining: -4.5 (max was: -0.6, declining count: 1)"
2025-09-25T06:42:00.267058+01:00,69090500,EUR/USD,B,1.17492,1.17418,-7.4,-0.6,DECLINING,"Pips declining: -7.4 (max was: -0.6, declining count: 2)"
2025-09-25T06:42:00.267058+01:00,69090514,USD/JPY,S,148.734,148.76600000000002,-3.2,1.2,DECLINING,"Pips declining: -3.2 (max was: 1.2, declining count: 1)"
2025-09-25T06:42:00.272558+01:00,69090495,GBP/USD,B,1.34612,1.3455,-6.2,-0.6,DECLINING,"Pips declining: -6.2 (max was: -0.6, declining count: 2)"
2025-09-25T06:43:00.785456+01:00,69090500,EUR/USD,B,1.17492,1.17435,-5.7,-0.6,MONITOR,"Monitoring - Current: -5.7, Max: -0.6"
2025-09-25T06:43:00.785456+01:00,69090514,USD/JPY,S,148.734,148.75,-1.6,1.2,MONITOR,"Monitoring - Current: -1.6, Max: 1.2"
2025-09-25T06:43:00.791168+01:00,69090495,GBP/USD,B,1.34612,1.3456299999999999,-4.9,-0.6,MONITOR,"Monitoring - Current: -4.9, Max: -0.6"
2025-09-25T06:44:00.297885+01:00,69090500,EUR/USD,B,1.17492,1.17437,-5.5,-0.6,MONITOR,"Monitoring - Current: -5.5, Max: -0.6"
2025-09-25T06:44:00.298882+01:00,69090514,USD/JPY,S,148.734,148.746,-1.2,1.2,MONITOR,"Monitoring - Current: -1.2, Max: 1.2"
2025-09-25T06:44:00.301267+01:00,69090495,GBP/USD,B,1.34612,1.34567,-4.5,-0.6,MONITOR,"Monitoring - Current: -4.5, Max: -0.6"
2025-09-25T06:45:00.795404+01:00,69090500,EUR/USD,B,1.17492,1.17431,-6.1,-0.6,DECLINING,"Pips declining: -6.1 (max was: -0.6, declining count: 1)"
2025-09-25T06:45:00.796390+01:00,69090514,USD/JPY,S,148.734,148.767,-3.3,1.2,DECLINING,"Pips declining: -3.3 (max was: 1.2, declining count: 1)"
2025-09-25T06:45:00.798932+01:00,69090495,GBP/USD,B,1.34612,1.3456,-5.2,-0.6,DECLINING,"Pips declining: -5.2 (max was: -0.6, declining count: 1)"
2025-09-25T06:46:00.301239+01:00,69090500,EUR/USD,B,1.17492,1.17418,-7.4,-0.6,DECLINING,"Pips declining: -7.4 (max was: -0.6, declining count: 2)"
2025-09-25T06:46:00.304236+01:00,69090514,USD/JPY,S,148.734,148.794,-6.0,-6.0,AUTO_CLOSE,Auto-closed due to pip decline from 1.2 to -6.0 (Success: True)
2025-09-25T06:46:00.307124+01:00,69090495,GBP/USD,B,1.34612,1.3454599999999999,-6.6,-0.6,DECLINING,"Pips declining: -6.6 (max was: -0.6, declining count: 2)"
2025-09-25T06:47:00.806918+01:00,69090500,EUR/USD,B,1.17492,1.17422,-7.0,-0.6,MONITOR,"Monitoring - Current: -7.0, Max: -0.6"
2025-09-25T06:47:00.808967+01:00,69090495,GBP/USD,B,1.34612,1.34557,-5.5,-0.6,MONITOR,"Monitoring - Current: -5.5, Max: -0.6"
2025-09-25T06:48:00.323781+01:00,69090500,EUR/USD,B,1.17492,1.1742299999999999,-6.9,-0.6,MONITOR,"Monitoring - Current: -6.9, Max: -0.6"
2025-09-25T06:48:00.325777+01:00,69090495,GBP/USD,B,1.34612,1.34548,-6.4,-0.6,DECLINING,"Pips declining: -6.4 (max was: -0.6, declining count: 1)"
2025-09-25T06:49:00.853114+01:00,69090500,EUR/USD,B,1.17492,1.17422,-7.0,-0.6,DECLINING,"Pips declining: -7.0 (max was: -0.6, declining count: 1)"
2025-09-25T06:49:00.855140+01:00,69090495,GBP/USD,B,1.34612,1.34548,-6.4,-0.6,MONITOR,"Monitoring - Current: -6.4, Max: -0.6"
2025-09-25T06:50:00.333978+01:00,69090500,EUR/USD,B,1.17492,1.17429,-6.3,-0.6,MONITOR,"Monitoring - Current: -6.3, Max: -0.6"
2025-09-25T06:50:00.333978+01:00,69090495,GBP/USD,B,1.34612,1.34548,-6.4,-0.6,MONITOR,"Monitoring - Current: -6.4, Max: -0.6"
2025-09-25T06:51:00.819011+01:00,69090500,EUR/USD,B,1.17492,1.17426,-6.6,-0.6,DECLINING,"Pips declining: -6.6 (max was: -0.6, declining count: 1)"
2025-09-25T06:51:00.822012+01:00,69090495,GBP/USD,B,1.34612,1.3454599999999999,-6.6,-0.6,DECLINING,"Pips declining: -6.6 (max was: -0.6, declining count: 1)"
2025-09-25T06:52:00.341372+01:00,69090500,EUR/USD,B,1.17492,1.17427,-6.5,-0.6,MONITOR,"Monitoring - Current: -6.5, Max: -0.6"
2025-09-25T06:52:00.345453+01:00,69090495,GBP/USD,B,1.34612,1.3454599999999999,-6.6,-0.6,MONITOR,"Monitoring - Current: -6.6, Max: -0.6"
2025-09-25T06:53:00.878349+01:00,69090500,EUR/USD,B,1.17492,1.17427,-6.5,-0.6,MONITOR,"Monitoring - Current: -6.5, Max: -0.6"
2025-09-25T06:53:00.880884+01:00,69090495,GBP/USD,B,1.34612,1.3454599999999999,-6.6,-0.6,MONITOR,"Monitoring - Current: -6.6, Max: -0.6"
2025-09-25T06:54:00.360039+01:00,69090500,EUR/USD,B,1.17492,1.17409,-8.3,-0.6,DECLINING,"Pips declining: -8.3 (max was: -0.6, declining count: 1)"
2025-09-25T06:54:00.363047+01:00,69090495,GBP/USD,B,1.34612,1.34535,-7.7,-0.6,DECLINING,"Pips declining: -7.7 (max was: -0.6, declining count: 1)"
2025-09-25T06:55:00.856964+01:00,69090500,EUR/USD,B,1.17492,1.1740599999999999,-8.6,-0.6,DECLINING,"Pips declining: -8.6 (max was: -0.6, declining count: 2)"
2025-09-25T06:55:00.858984+01:00,69090495,GBP/USD,B,1.34612,1.34533,-7.9,-0.6,DECLINING,"Pips declining: -7.9 (max was: -0.6, declining count: 2)"
2025-09-25T06:56:00.388256+01:00,69090500,EUR/USD,B,1.17492,1.17413,-7.9,-0.6,MONITOR,"Monitoring - Current: -7.9, Max: -0.6"
2025-09-25T06:56:00.390526+01:00,69090495,GBP/USD,B,1.34612,1.34543,-6.9,-0.6,MONITOR,"Monitoring - Current: -6.9, Max: -0.6"
2025-09-25T06:57:00.893945+01:00,69090500,EUR/USD,B,1.17492,1.1742299999999999,-6.9,-0.6,MONITOR,"Monitoring - Current: -6.9, Max: -0.6"
2025-09-25T06:57:00.895967+01:00,69090495,GBP/USD,B,1.34612,1.34549,-6.3,-0.6,MONITOR,"Monitoring - Current: -6.3, Max: -0.6"
2025-09-25T06:58:00.440951+01:00,69090500,EUR/USD,B,1.17492,1.17426,-6.6,-0.6,MONITOR,"Monitoring - Current: -6.6, Max: -0.6"
2025-09-25T06:58:00.443394+01:00,69090495,GBP/USD,B,1.34612,1.34556,-5.6,-0.6,MONITOR,"Monitoring - Current: -5.6, Max: -0.6"
2025-09-25T06:59:00.970711+01:00,69090500,EUR/USD,B,1.17492,1.17421,-7.1,-0.6,DECLINING,"Pips declining: -7.1 (max was: -0.6, declining count: 1)"
2025-09-25T06:59:00.973751+01:00,69090495,GBP/USD,B,1.34612,1.3454599999999999,-6.6,-0.6,DECLINING,"Pips declining: -6.6 (max was: -0.6, declining count: 1)"
2025-09-25T07:00:00.485047+01:00,69090500,EUR/USD,B,1.17492,1.17422,-7.0,-0.6,MONITOR,"Monitoring - Current: -7.0, Max: -0.6"
2025-09-25T07:00:00.488032+01:00,69090495,GBP/USD,B,1.34612,1.34547,-6.5,-0.6,MONITOR,"Monitoring - Current: -6.5, Max: -0.6"
2025-09-25T07:01:00.991626+01:00,69090500,EUR/USD,B,1.17492,1.1740599999999999,-8.6,-0.6,DECLINING,"Pips declining: -8.6 (max was: -0.6, declining count: 1)"
2025-09-25T07:01:00.993661+01:00,69090495,GBP/USD,B,1.34612,1.34528,-8.4,-0.6,DECLINING,"Pips declining: -8.4 (max was: -0.6, declining count: 1)"
2025-09-25T07:02:00.491421+01:00,69090500,EUR/USD,B,1.17492,1.17407,-8.5,-0.6,MONITOR,"Monitoring - Current: -8.5, Max: -0.6"
2025-09-25T07:02:00.492612+01:00,69090495,GBP/USD,B,1.34612,1.34529,-8.3,-0.6,MONITOR,"Monitoring - Current: -8.3, Max: -0.6"
2025-09-25T07:03:00.969011+01:00,69090500,EUR/USD,B,1.17492,1.17411,-8.1,-0.6,MONITOR,"Monitoring - Current: -8.1, Max: -0.6"
2025-09-25T07:03:00.971462+01:00,69090495,GBP/USD,B,1.34612,1.34532,-8.0,-0.6,MONITOR,"Monitoring - Current: -8.0, Max: -0.6"
2025-09-25T07:04:00.441038+01:00,69090500,EUR/USD,B,1.17492,1.17413,-7.9,-0.6,MONITOR,"Monitoring - Current: -7.9, Max: -0.6"
2025-09-25T07:04:00.444055+01:00,69090495,GBP/USD,B,1.34612,1.34529,-8.3,-0.6,DECLINING,"Pips declining: -8.3 (max was: -0.6, declining count: 1)"
2025-09-25T07:05:00.951753+01:00,69090500,EUR/USD,B,1.17492,1.17404,-8.8,-0.6,DECLINING,"Pips declining: -8.8 (max was: -0.6, declining count: 1)"
2025-09-25T07:05:00.955114+01:00,69090495,GBP/USD,B,1.34612,1.34516,-9.6,-0.6,DECLINING,"Pips declining: -9.6 (max was: -0.6, declining count: 2)"
2025-09-25T07:06:00.420925+01:00,69090500,EUR/USD,B,1.17492,1.17408,-8.4,-0.6,MONITOR,"Monitoring - Current: -8.4, Max: -0.6"
2025-09-25T07:06:00.422967+01:00,69090495,GBP/USD,B,1.34612,1.34525,-8.7,-0.6,MONITOR,"Monitoring - Current: -8.7, Max: -0.6"
2025-09-25T07:07:00.938550+01:00,69090500,EUR/USD,B,1.17492,1.1740599999999999,-8.6,-0.6,DECLINING,"Pips declining: -8.6 (max was: -0.6, declining count: 1)"
2025-09-25T07:07:00.941558+01:00,69090495,GBP/USD,B,1.34612,1.34514,-9.8,-0.6,DECLINING,"Pips declining: -9.8 (max was: -0.6, declining count: 1)"
2025-09-25T07:08:00.469965+01:00,69090500,EUR/USD,B,1.17492,1.1741,-8.2,-0.6,MONITOR,"Monitoring - Current: -8.2, Max: -0.6"
2025-09-25T07:08:00.472651+01:00,69090495,GBP/USD,B,1.34612,1.34517,-9.5,-0.6,MONITOR,"Monitoring - Current: -9.5, Max: -0.6"
2025-09-25T07:09:00.962642+01:00,69090500,EUR/USD,B,1.17492,1.1740599999999999,-8.6,-0.6,DECLINING,"Pips declining: -8.6 (max was: -0.6, declining count: 1)"
2025-09-25T07:10:00.523943+01:00,69090500,EUR/USD,B,1.17492,1.17396,-9.6,-0.6,DECLINING,"Pips declining: -9.6 (max was: -0.6, declining count: 2)"
2025-09-25T07:11:00.981198+01:00,69090500,EUR/USD,B,1.17492,1.17398,-9.4,-0.6,MONITOR,"Monitoring - Current: -9.4, Max: -0.6"
2025-09-25T07:19:00.145913+01:00,69090525,EUR/USD,S,1.17483,1.17509,-2.6,-2.6,TRACK_START,Started tracking trade - Initial pips: -2.6
2025-09-25T07:20:00.627100+01:00,69090525,EUR/USD,S,1.17483,1.17499,-1.6,-1.6,NEW_HIGH,New pip high reached: -1.6 (previous max: -2.6)
2025-09-25T07:21:00.128869+01:00,69090525,EUR/USD,S,1.17483,1.17505,-2.2,-1.6,DECLINING,"Pips declining: -2.2 (max was: -1.6, declining count: 1)"
2025-09-25T07:22:00.617024+01:00,69090525,EUR/USD,S,1.17483,1.17489,-0.6,-0.6,NEW_HIGH,New pip high reached: -0.6 (previous max: -1.6)
2025-09-25T07:23:00.112895+01:00,69090527,GBP/USD,S,1.34564,1.34563,0.1,0.1,TRACK_START,Started tracking trade - Initial pips: 0.1
2025-09-25T07:23:00.114944+01:00,69090525,EUR/USD,S,1.17483,1.17487,-0.4,-0.4,NEW_HIGH,New pip high reached: -0.4 (previous max: -0.6)
2025-09-25T07:24:00.607348+01:00,69090527,GBP/USD,S,1.34564,1.34551,1.3,1.3,NEW_HIGH,New pip high reached: 1.3 (previous max: 0.1)
2025-09-25T07:24:00.608560+01:00,69090525,EUR/USD,S,1.17483,1.17468,1.5,1.5,NEW_HIGH,New pip high reached: 1.5 (previous max: -0.4)
2025-09-25T07:25:00.142448+01:00,69090527,GBP/USD,S,1.34564,1.34555,0.9,1.3,DECLINING,"Pips declining: 0.9 (max was: 1.3, declining count: 1)"
2025-09-25T07:25:00.142448+01:00,69090525,EUR/USD,S,1.17483,1.17463,2.0,2.0,NEW_HIGH,New pip high reached: 2.0 (previous max: 1.5)
2025-09-25T07:26:00.644299+01:00,69090527,GBP/USD,S,1.34564,1.34548,1.6,1.6,NEW_HIGH,New pip high reached: 1.6 (previous max: 1.3)
2025-09-25T07:26:00.646372+01:00,69090525,EUR/USD,S,1.17483,1.17469,1.4,2.0,DECLINING,"Pips declining: 1.4 (max was: 2.0, declining count: 1)"
2025-09-25T07:27:00.167462+01:00,69090527,GBP/USD,S,1.34564,1.34546,1.8,1.8,NEW_HIGH,New pip high reached: 1.8 (previous max: 1.6)
2025-09-25T07:27:00.169848+01:00,69090525,EUR/USD,S,1.17483,1.17468,1.5,2.0,MONITOR,"Monitoring - Current: 1.5, Max: 2.0"
2025-09-25T07:28:00.622021+01:00,69090527,GBP/USD,S,1.34564,1.3455,1.4,1.8,DECLINING,"Pips declining: 1.4 (max was: 1.8, declining count: 1)"
2025-09-25T07:28:00.622021+01:00,69090525,EUR/USD,S,1.17483,1.17468,1.5,2.0,MONITOR,"Monitoring - Current: 1.5, Max: 2.0"
2025-09-25T07:29:00.175391+01:00,69090527,GBP/USD,S,1.34564,1.34549,1.5,1.8,MONITOR,"Monitoring - Current: 1.5, Max: 1.8"
2025-09-25T07:29:00.177397+01:00,69090525,EUR/USD,S,1.17483,1.1746,2.3,2.3,NEW_HIGH,New pip high reached: 2.3 (previous max: 2.0)
2025-09-25T07:30:00.720088+01:00,69090527,GBP/USD,S,1.34564,1.34549,1.5,1.8,MONITOR,"Monitoring - Current: 1.5, Max: 1.8"
2025-09-25T07:30:00.722131+01:00,69090525,EUR/USD,S,1.17483,1.17471,1.2,2.3,DECLINING,"Pips declining: 1.2 (max was: 2.3, declining count: 1)"
2025-09-25T07:31:00.238494+01:00,69090527,GBP/USD,S,1.34564,1.34569,-0.5,1.8,DECLINING,"Pips declining: -0.5 (max was: 1.8, declining count: 1)"
2025-09-25T07:31:00.241945+01:00,69090525,EUR/USD,S,1.17483,1.17486,-0.3,-0.3,AUTO_CLOSE,Auto-closed due to pip decline from 2.3 to -0.3 (Success: True)
2025-09-25T07:32:00.742366+01:00,69090527,GBP/USD,S,1.34564,1.3456,0.4,1.8,MONITOR,"Monitoring - Current: 0.4, Max: 1.8"
2025-09-25T07:33:00.291467+01:00,69090527,GBP/USD,S,1.34564,1.3457000000000001,-0.6,1.8,DECLINING,"Pips declining: -0.6 (max was: 1.8, declining count: 1)"
2025-09-25T07:34:00.784860+01:00,69090527,GBP/USD,S,1.34564,1.34575,-1.1,-1.1,AUTO_CLOSE,Auto-closed due to pip decline from 1.8 to -1.1 (Success: True)
2025-09-25T07:37:00.403793+01:00,69090533,EUR/USD,S,1.17489,1.17489,0.0,0.0,TRACK_START,Started tracking trade - Initial pips: 0.0
2025-09-25T07:37:00.405788+01:00,69090532,GBP/USD,S,1.34584,1.34588,-0.4,-0.4,TRACK_START,Started tracking trade - Initial pips: -0.4
2025-09-25T07:38:00.902632+01:00,69090533,EUR/USD,S,1.17489,1.17489,0.0,0.0,MONITOR,"Monitoring - Current: 0.0, Max: 0.0"
2025-09-25T07:38:00.905796+01:00,69090532,GBP/USD,S,1.34584,1.34577,0.7,0.7,NEW_HIGH,New pip high reached: 0.7 (previous max: -0.4)
2025-09-25T07:39:00.462665+01:00,69090533,EUR/USD,S,1.17489,1.17476,1.3,1.3,NEW_HIGH,New pip high reached: 1.3 (previous max: 0.0)
2025-09-25T07:39:00.464676+01:00,69090532,GBP/USD,S,1.34584,1.34563,2.1,2.1,NEW_HIGH,New pip high reached: 2.1 (previous max: 0.7)
2025-09-25T07:40:00.979638+01:00,69090533,EUR/USD,S,1.17489,1.17467,2.2,2.2,NEW_HIGH,New pip high reached: 2.2 (previous max: 1.3)
2025-09-25T07:40:00.981650+01:00,69090532,GBP/USD,S,1.34584,1.34561,2.3,2.3,NEW_HIGH,New pip high reached: 2.3 (previous max: 2.1)
2025-09-25T07:41:00.460730+01:00,69090533,EUR/USD,S,1.17489,1.17454,3.5,3.5,NEW_HIGH,New pip high reached: 3.5 (previous max: 2.2)
2025-09-25T07:41:00.462277+01:00,69090532,GBP/USD,S,1.34584,1.3455300000000001,3.1,3.1,NEW_HIGH,New pip high reached: 3.1 (previous max: 2.3)
2025-09-25T07:43:00.520376+01:00,69090533,EUR/USD,S,1.17489,1.1747,1.9,3.5,DECLINING,"Pips declining: 1.9 (max was: 3.5, declining count: 1)"
2025-09-25T07:43:00.522453+01:00,69090532,GBP/USD,S,1.34584,1.34556,2.8,3.1,DECLINING,"Pips declining: 2.8 (max was: 3.1, declining count: 1)"
2025-09-25T07:44:00.035329+01:00,69090533,EUR/USD,S,1.17489,1.17463,2.6,3.5,MONITOR,"Monitoring - Current: 2.6, Max: 3.5"
2025-09-25T07:44:00.037815+01:00,69090532,GBP/USD,S,1.34584,1.34556,2.8,3.1,MONITOR,"Monitoring - Current: 2.8, Max: 3.1"
2025-09-25T07:45:00.528227+01:00,69090533,EUR/USD,S,1.17489,1.17473,1.6,3.5,DECLINING,"Pips declining: 1.6 (max was: 3.5, declining count: 1)"
2025-09-25T07:45:00.530885+01:00,69090532,GBP/USD,S,1.34584,1.34565,1.9,3.1,DECLINING,"Pips declining: 1.9 (max was: 3.1, declining count: 1)"
2025-09-25T07:46:00.084247+01:00,69090533,EUR/USD,S,1.17489,1.17461,2.8,3.5,MONITOR,"Monitoring - Current: 2.8, Max: 3.5"
2025-09-25T07:46:00.088185+01:00,69090532,GBP/USD,S,1.34584,1.34555,2.9,3.1,MONITOR,"Monitoring - Current: 2.9, Max: 3.1"
2025-09-25T07:47:00.589855+01:00,69090533,EUR/USD,S,1.17489,1.17458,3.1,3.5,MONITOR,"Monitoring - Current: 3.1, Max: 3.5"
2025-09-25T07:47:00.589855+01:00,69090536,USD/JPY,B,148.805,148.77599999999998,-2.9,-2.9,TRACK_START,Started tracking trade - Initial pips: -2.9
2025-09-25T07:47:00.589855+01:00,69090532,GBP/USD,S,1.34584,1.34554,3.0,3.1,MONITOR,"Monitoring - Current: 3.0, Max: 3.1"
2025-09-25T07:48:00.100366+01:00,69090533,EUR/USD,S,1.17489,1.17465,2.4,3.5,DECLINING,"Pips declining: 2.4 (max was: 3.5, declining count: 1)"
2025-09-25T07:48:00.102357+01:00,69090536,USD/JPY,B,148.805,148.774,-3.1,-2.9,DECLINING,"Pips declining: -3.1 (max was: -2.9, declining count: 1)"
2025-09-25T07:48:00.104797+01:00,69090532,GBP/USD,S,1.34584,1.34588,-0.4,3.1,DECLINING,"Pips declining: -0.4 (max was: 3.1, declining count: 1)"
2025-09-25T07:49:00.606868+01:00,69090533,EUR/USD,S,1.17489,1.17469,2.0,2.0,AUTO_CLOSE,Auto-closed due to pip decline from 3.5 to 2.0 (Success: True)
2025-09-25T07:49:00.609165+01:00,69090536,USD/JPY,B,148.805,148.789,-1.6,-1.6,NEW_HIGH,New pip high reached: -1.6 (previous max: -2.9)
2025-09-25T07:49:00.612686+01:00,69090532,GBP/USD,S,1.34584,1.34605,-2.1,-2.1,AUTO_CLOSE,Auto-closed due to pip decline from 3.1 to -2.1 (Success: True)
2025-09-25T07:50:00.114074+01:00,69090536,USD/JPY,B,148.805,148.791,-1.4,-1.4,NEW_HIGH,New pip high reached: -1.4 (previous max: -1.6)
2025-09-25T07:51:00.630647+01:00,69090536,USD/JPY,B,148.805,148.79299999999998,-1.2,-1.2,NEW_HIGH,New pip high reached: -1.2 (previous max: -1.4)
2025-09-25T07:52:00.179533+01:00,69090538,GBP/USD,S,1.34591,1.34602,-1.1,-1.1,TRACK_START,Started tracking trade - Initial pips: -1.1
2025-09-25T07:52:00.181559+01:00,69090536,USD/JPY,B,148.805,148.78,-2.5,-1.2,DECLINING,"Pips declining: -2.5 (max was: -1.2, declining count: 1)"
2025-09-25T07:53:00.673497+01:00,69090538,GBP/USD,S,1.34591,1.34617,-2.6,-1.1,DECLINING,"Pips declining: -2.6 (max was: -1.1, declining count: 1)"
2025-09-25T07:53:00.674496+01:00,69090536,USD/JPY,B,148.805,148.761,-4.4,-1.2,DECLINING,"Pips declining: -4.4 (max was: -1.2, declining count: 2)"
2025-09-25T07:54:00.196924+01:00,69090538,GBP/USD,S,1.34591,1.34653,-6.2,-1.1,DECLINING,"Pips declining: -6.2 (max was: -1.1, declining count: 2)"
2025-09-25T07:54:00.198911+01:00,69090536,USD/JPY,B,148.805,148.742,-6.3,-1.2,DECLINING,"Pips declining: -6.3 (max was: -1.2, declining count: 3)"
2025-09-25T07:55:00.713664+01:00,69090538,GBP/USD,S,1.34591,1.34655,-6.4,-1.1,DECLINING,"Pips declining: -6.4 (max was: -1.1, declining count: 3)"
2025-09-25T07:55:00.714943+01:00,69090536,USD/JPY,B,148.805,148.754,-5.1,-1.2,MONITOR,"Monitoring - Current: -5.1, Max: -1.2"
2025-09-25T07:56:00.218295+01:00,69090538,GBP/USD,S,1.34591,1.34643,-5.2,-1.1,MONITOR,"Monitoring - Current: -5.2, Max: -1.1"
2025-09-25T07:56:00.220286+01:00,69090536,USD/JPY,B,148.805,148.77599999999998,-2.9,-1.2,MONITOR,"Monitoring - Current: -2.9, Max: -1.2"
2025-09-25T07:57:00.730317+01:00,69090538,GBP/USD,S,1.34591,1.34646,-5.5,-1.1,DECLINING,"Pips declining: -5.5 (max was: -1.1, declining count: 1)"
2025-09-25T07:57:00.731669+01:00,69090536,USD/JPY,B,148.805,148.78799999999998,-1.7,-1.2,MONITOR,"Monitoring - Current: -1.7, Max: -1.2"
2025-09-25T07:58:00.243431+01:00,69090538,GBP/USD,S,1.34591,1.34649,-5.8,-1.1,DECLINING,"Pips declining: -5.8 (max was: -1.1, declining count: 2)"
2025-09-25T07:58:00.243431+01:00,69090536,USD/JPY,B,148.805,148.773,-3.2,-1.2,DECLINING,"Pips declining: -3.2 (max was: -1.2, declining count: 1)"
2025-09-25T07:59:00.777833+01:00,69090538,GBP/USD,S,1.34591,1.34649,-5.8,-1.1,MONITOR,"Monitoring - Current: -5.8, Max: -1.1"
2025-09-25T07:59:00.779813+01:00,69090536,USD/JPY,B,148.805,148.78099999999998,-2.4,-1.2,MONITOR,"Monitoring - Current: -2.4, Max: -1.2"
2025-09-25T08:00:00.222893+01:00,69090538,GBP/USD,S,1.34591,1.3464800000000001,-5.7,-1.1,MONITOR,"Monitoring - Current: -5.7, Max: -1.1"
2025-09-25T08:00:00.225890+01:00,69090536,USD/JPY,B,148.805,148.784,-2.1,-1.2,MONITOR,"Monitoring - Current: -2.1, Max: -1.2"
2025-09-25T08:01:00.707280+01:00,69090538,GBP/USD,S,1.34591,1.34628,-3.7,-1.1,MONITOR,"Monitoring - Current: -3.7, Max: -1.1"
2025-09-25T08:01:00.707280+01:00,69090536,USD/JPY,B,148.805,148.802,-0.3,-0.3,NEW_HIGH,New pip high reached: -0.3 (previous max: -1.2)
2025-09-25T08:02:00.217978+01:00,69090538,GBP/USD,S,1.34591,1.34627,-3.6,-1.1,MONITOR,"Monitoring - Current: -3.6, Max: -1.1"
2025-09-25T08:02:00.217978+01:00,69090536,USD/JPY,B,148.805,148.79999999999998,-0.5,-0.3,DECLINING,"Pips declining: -0.5 (max was: -0.3, declining count: 1)"
2025-09-25T08:03:00.685603+01:00,69090538,GBP/USD,S,1.34591,1.3461,-1.9,-1.1,MONITOR,"Monitoring - Current: -1.9, Max: -1.1"
2025-09-25T08:03:00.686600+01:00,69090536,USD/JPY,B,148.805,148.78,-2.5,-0.3,DECLINING,"Pips declining: -2.5 (max was: -0.3, declining count: 2)"
2025-09-25T08:04:00.238074+01:00,69090538,GBP/USD,S,1.34591,1.34607,-1.6,-1.1,MONITOR,"Monitoring - Current: -1.6, Max: -1.1"
2025-09-25T08:04:00.239078+01:00,69090536,USD/JPY,B,148.805,148.761,-4.4,-0.3,DECLINING,"Pips declining: -4.4 (max was: -0.3, declining count: 3)"
2025-09-25T08:05:00.730058+01:00,69090538,GBP/USD,S,1.34591,1.3461,-1.9,-1.1,DECLINING,"Pips declining: -1.9 (max was: -1.1, declining count: 1)"
2025-09-25T08:05:00.732078+01:00,69090536,USD/JPY,B,148.805,148.756,-4.9,-0.3,DECLINING,"Pips declining: -4.9 (max was: -0.3, declining count: 4)"
2025-09-25T08:06:00.237337+01:00,69090538,GBP/USD,S,1.34591,1.34622,-3.1,-1.1,DECLINING,"Pips declining: -3.1 (max was: -1.1, declining count: 2)"
2025-09-25T08:06:00.240795+01:00,69090536,USD/JPY,B,148.805,148.743,-6.2,-0.3,DECLINING,"Pips declining: -6.2 (max was: -0.3, declining count: 5)"
2025-09-25T08:07:00.713178+01:00,69090538,GBP/USD,S,1.34591,1.34629,-3.8,-1.1,DECLINING,"Pips declining: -3.8 (max was: -1.1, declining count: 3)"
2025-09-25T08:07:00.715166+01:00,69090536,USD/JPY,B,148.805,148.757,-4.8,-0.3,MONITOR,"Monitoring - Current: -4.8, Max: -0.3"
2025-09-25T08:08:00.242139+01:00,69090538,GBP/USD,S,1.34591,1.34609,-1.8,-1.1,MONITOR,"Monitoring - Current: -1.8, Max: -1.1"
2025-09-25T08:08:00.243511+01:00,69090536,USD/JPY,B,148.805,148.757,-4.8,-0.3,MONITOR,"Monitoring - Current: -4.8, Max: -0.3"
2025-09-25T08:09:00.729855+01:00,69090538,GBP/USD,S,1.34591,1.3462,-2.9,-1.1,DECLINING,"Pips declining: -2.9 (max was: -1.1, declining count: 1)"
2025-09-25T08:09:00.730857+01:00,69090536,USD/JPY,B,148.805,148.751,-5.4,-0.3,DECLINING,"Pips declining: -5.4 (max was: -0.3, declining count: 1)"
2025-09-25T08:10:00.279657+01:00,69090538,GBP/USD,S,1.34591,1.346,-0.9,-0.9,NEW_HIGH,New pip high reached: -0.9 (previous max: -1.1)
2025-09-25T08:10:00.281837+01:00,69090536,USD/JPY,B,148.805,148.765,-4.0,-0.3,MONITOR,"Monitoring - Current: -4.0, Max: -0.3"
2025-09-25T08:11:00.821337+01:00,69090538,GBP/USD,S,1.34591,1.34575,1.6,1.6,NEW_HIGH,New pip high reached: 1.6 (previous max: -0.9)
2025-09-25T08:11:00.821337+01:00,69090536,USD/JPY,B,148.805,148.78199999999998,-2.3,-0.3,MONITOR,"Monitoring - Current: -2.3, Max: -0.3"
2025-09-25T08:12:00.357149+01:00,69090538,GBP/USD,S,1.34591,1.34581,1.0,1.6,DECLINING,"Pips declining: 1.0 (max was: 1.6, declining count: 1)"
2025-09-25T08:12:00.357149+01:00,69090536,USD/JPY,B,148.805,148.766,-3.9,-0.3,DECLINING,"Pips declining: -3.9 (max was: -0.3, declining count: 1)"
2025-09-25T08:13:00.914279+01:00,69090538,GBP/USD,S,1.34591,1.34588,0.3,0.3,AUTO_CLOSE,Auto-closed due to pip decline from 1.6 to 0.3 (Success: True)
2025-09-25T08:13:00.914279+01:00,69090544,EUR/USD,B,1.17436,1.17449,1.3,1.3,TRACK_START,Started tracking trade - Initial pips: 1.3
2025-09-25T08:13:00.914279+01:00,69090536,USD/JPY,B,148.805,148.74599999999998,-5.9,-0.3,DECLINING,"Pips declining: -5.9 (max was: -0.3, declining count: 2)"
2025-09-25T08:14:00.352377+01:00,69090544,EUR/USD,B,1.17436,1.17458,2.2,2.2,NEW_HIGH,New pip high reached: 2.2 (previous max: 1.3)
2025-09-25T08:14:00.354453+01:00,69090536,USD/JPY,B,148.805,148.733,-7.2,-0.3,DECLINING,"Pips declining: -7.2 (max was: -0.3, declining count: 3)"
2025-09-25T08:15:00.841718+01:00,69090544,EUR/USD,B,1.17436,1.17435,-0.1,2.2,DECLINING,"Pips declining: -0.1 (max was: 2.2, declining count: 1)"
2025-09-25T08:16:00.368805+01:00,69090544,EUR/USD,B,1.17436,1.17457,2.1,2.2,MONITOR,"Monitoring - Current: 2.1, Max: 2.2"
2025-09-25T08:17:00.886163+01:00,69090544,EUR/USD,B,1.17436,1.17458,2.2,2.2,MONITOR,"Monitoring - Current: 2.2, Max: 2.2"
2025-09-25T08:18:00.413374+01:00,69090544,EUR/USD,B,1.17436,1.17446,1.0,2.2,DECLINING,"Pips declining: 1.0 (max was: 2.2, declining count: 1)"
2025-09-25T08:18:00.415677+01:00,69090546,USD/JPY,B,148.68,148.679,-0.1,-0.1,TRACK_START,Started tracking trade - Initial pips: -0.1
2025-09-25T08:19:00.926824+01:00,69090544,EUR/USD,B,1.17436,1.17443,0.7,0.7,AUTO_CLOSE,Auto-closed due to pip decline from 2.2 to 0.7 (Success: True)
2025-09-25T08:19:00.927825+01:00,69090546,USD/JPY,B,148.68,148.69199999999998,1.2,1.2,NEW_HIGH,New pip high reached: 1.2 (previous max: -0.1)
2025-09-25T08:20:00.381608+01:00,69090546,USD/JPY,B,148.68,148.691,1.1,1.2,DECLINING,"Pips declining: 1.1 (max was: 1.2, declining count: 1)"
2025-09-25T08:21:00.882704+01:00,69090546,USD/JPY,B,148.68,148.689,0.9,0.9,AUTO_CLOSE,Auto-closed due to pip decline from 1.2 to 0.9 (Success: True)
2025-09-25T08:49:00.072850+01:00,69090557,GBP/USD,B,1.3449,1.34468,-2.2,-2.2,TRACK_START,Started tracking trade - Initial pips: -2.2
2025-09-25T08:50:00.544258+01:00,69090557,GBP/USD,B,1.3449,1.34463,-2.7,-2.2,DECLINING,"Pips declining: -2.7 (max was: -2.2, declining count: 1)"
2025-09-25T08:51:00.026850+01:00,69090557,GBP/USD,B,1.3449,1.34455,-3.5,-2.2,DECLINING,"Pips declining: -3.5 (max was: -2.2, declining count: 2)"
2025-09-25T08:52:00.472507+01:00,69090557,GBP/USD,B,1.3449,1.34473,-1.7,-1.7,NEW_HIGH,New pip high reached: -1.7 (previous max: -2.2)
2025-09-25T08:53:00.974570+01:00,69090557,GBP/USD,B,1.3449,1.34443,-4.7,-1.7,DECLINING,"Pips declining: -4.7 (max was: -1.7, declining count: 1)"
2025-09-25T08:54:00.443853+01:00,69090557,GBP/USD,B,1.3449,1.34425,-6.5,-1.7,DECLINING,"Pips declining: -6.5 (max was: -1.7, declining count: 2)"
2025-09-25T08:55:00.959961+01:00,69090557,GBP/USD,B,1.3449,1.3443,-6.0,-1.7,MONITOR,"Monitoring - Current: -6.0, Max: -1.7"
2025-09-25T08:56:00.464814+01:00,69090557,GBP/USD,B,1.3449,1.34394,-9.6,-1.7,DECLINING,"Pips declining: -9.6 (max was: -1.7, declining count: 1)"
2025-09-25T08:57:00.028498+01:00,69090557,GBP/USD,B,1.3449,1.34393,-9.7,-1.7,DECLINING,"Pips declining: -9.7 (max was: -1.7, declining count: 2)"
2025-09-25T08:58:00.550278+01:00,69090561,USD/JPY,S,148.798,148.793,0.5,0.5,TRACK_START,Started tracking trade - Initial pips: 0.5
2025-09-25T08:59:00.060761+01:00,69090561,USD/JPY,S,148.798,148.8,-0.2,0.5,DECLINING,"Pips declining: -0.2 (max was: 0.5, declining count: 1)"
2025-09-25T09:00:00.556889+01:00,69090561,USD/JPY,S,148.798,148.822,-2.4,-2.4,AUTO_CLOSE,Auto-closed due to pip decline from 0.5 to -2.4 (Success: True)
2025-09-25T09:02:00.578971+01:00,69090564,USD/JPY,S,148.805,148.81400000000002,-0.9,-0.9,TRACK_START,Started tracking trade - Initial pips: -0.9
2025-09-25T09:02:00.581170+01:00,69090563,GBP/USD,B,1.34376,1.34354,-2.2,-2.2,TRACK_START,Started tracking trade - Initial pips: -2.2
2025-09-25T09:03:00.062258+01:00,69090564,USD/JPY,S,148.805,148.79000000000002,1.5,1.5,NEW_HIGH,New pip high reached: 1.5 (previous max: -0.9)
2025-09-25T09:03:00.064259+01:00,69090563,GBP/USD,B,1.34376,1.34401,2.5,2.5,NEW_HIGH,New pip high reached: 2.5 (previous max: -2.2)
2025-09-25T09:04:00.600433+01:00,69090564,USD/JPY,S,148.805,148.797,0.8,1.5,DECLINING,"Pips declining: 0.8 (max was: 1.5, declining count: 1)"
2025-09-25T09:04:00.603648+01:00,69090563,GBP/USD,B,1.34376,1.34382,0.6,2.5,DECLINING,"Pips declining: 0.6 (max was: 2.5, declining count: 1)"
2025-09-25T09:05:00.040354+01:00,69090564,USD/JPY,S,148.805,148.779,2.6,2.6,NEW_HIGH,New pip high reached: 2.6 (previous max: 1.5)
2025-09-25T09:05:00.042602+01:00,69090563,GBP/USD,B,1.34376,1.34406,3.0,3.0,NEW_HIGH,New pip high reached: 3.0 (previous max: 2.5)
2025-09-25T09:06:00.611870+01:00,69090564,USD/JPY,S,148.805,148.78300000000002,2.2,2.6,DECLINING,"Pips declining: 2.2 (max was: 2.6, declining count: 1)"
2025-09-25T09:06:00.613880+01:00,69090563,GBP/USD,B,1.34376,1.34414,3.8,3.8,NEW_HIGH,New pip high reached: 3.8 (previous max: 3.0)
2025-09-25T09:07:00.082540+01:00,69090564,USD/JPY,S,148.805,148.799,0.6,0.6,AUTO_CLOSE,Auto-closed due to pip decline from 2.6 to 0.6 (Success: True)
2025-09-25T09:07:00.086564+01:00,69090563,GBP/USD,B,1.34376,1.34399,2.3,3.8,DECLINING,"Pips declining: 2.3 (max was: 3.8, declining count: 1)"
2025-09-25T09:08:00.612313+01:00,69090563,GBP/USD,B,1.34376,1.34404,2.8,3.8,MONITOR,"Monitoring - Current: 2.8, Max: 3.8"
2025-09-25T09:09:00.141821+01:00,69090563,GBP/USD,B,1.34376,1.34435,5.9,5.9,NEW_HIGH,New pip high reached: 5.9 (previous max: 3.8)
2025-09-25T09:10:00.615619+01:00,69090563,GBP/USD,B,1.34376,1.34465,8.9,8.9,NEW_HIGH,New pip high reached: 8.9 (previous max: 5.9)
2025-09-25T09:11:00.107391+01:00,69090563,GBP/USD,B,1.34376,1.34444,6.8,8.9,DECLINING,"Pips declining: 6.8 (max was: 8.9, declining count: 1)"
2025-09-25T09:12:00.577913+01:00,69090563,GBP/USD,B,1.34376,1.34466,9.0,9.0,NEW_HIGH,New pip high reached: 9.0 (previous max: 8.9)
2025-09-25T09:13:00.121380+01:00,69090563,GBP/USD,B,1.34376,1.34476,10.0,10.0,NEW_HIGH,New pip high reached: 10.0 (previous max: 9.0)
2025-09-25T09:14:00.594001+01:00,69090563,GBP/USD,B,1.34376,1.34472,9.6,10.0,DECLINING,"Pips declining: 9.6 (max was: 10.0, declining count: 1)"
2025-09-25T09:15:00.130473+01:00,69090563,GBP/USD,B,1.34376,1.34473,9.7,10.0,MONITOR,"Monitoring - Current: 9.7, Max: 10.0"
2025-09-25T09:16:00.623503+01:00,69090563,GBP/USD,B,1.34376,1.34476,10.0,10.0,MONITOR,"Monitoring - Current: 10.0, Max: 10.0"
2025-09-25T09:17:00.096734+01:00,69090563,GBP/USD,B,1.34376,1.34472,9.6,10.0,DECLINING,"Pips declining: 9.6 (max was: 10.0, declining count: 1)"
2025-09-25T09:18:00.583507+01:00,69090563,GBP/USD,B,1.34376,1.3449,11.4,11.4,NEW_HIGH,New pip high reached: 11.4 (previous max: 10.0)
2025-09-25T09:19:00.097485+01:00,69090563,GBP/USD,B,1.34376,1.34492,11.6,11.6,NEW_HIGH,New pip high reached: 11.6 (previous max: 11.4)
2025-09-25T09:20:00.600217+01:00,69090563,GBP/USD,B,1.34376,1.34501,12.5,12.5,NEW_HIGH,New pip high reached: 12.5 (previous max: 11.6)
2025-09-25T09:21:00.126100+01:00,69090563,GBP/USD,B,1.34376,1.34494,11.8,12.5,DECLINING,"Pips declining: 11.8 (max was: 12.5, declining count: 1)"
2025-09-25T09:22:00.588036+01:00,69090563,GBP/USD,B,1.34376,1.34483,10.7,10.7,AUTO_CLOSE,Auto-closed due to pip decline from 12.5 to 10.7 (Success: True)
2025-09-25T09:59:00.341104+01:00,69090578,EUR/USD,S,1.17422,1.1743000000000001,-0.8,-0.8,TRACK_START,Started tracking trade - Initial pips: -0.8
2025-09-25T10:00:00.835686+01:00,69090578,EUR/USD,S,1.17422,1.17429,-0.7,-0.7,NEW_HIGH,New pip high reached: -0.7 (previous max: -0.8)
2025-09-25T10:01:00.276698+01:00,69090578,EUR/USD,S,1.17422,1.17436,-1.4,-0.7,DECLINING,"Pips declining: -1.4 (max was: -0.7, declining count: 1)"
2025-09-25T10:02:00.752586+01:00,69090578,EUR/USD,S,1.17422,1.17435,-1.3,-0.7,MONITOR,"Monitoring - Current: -1.3, Max: -0.7"
2025-09-25T10:02:00.755108+01:00,69090580,GBP/USD,S,1.3453,1.34526,0.4,0.4,TRACK_START,Started tracking trade - Initial pips: 0.4
2025-09-25T10:03:00.215279+01:00,69090578,EUR/USD,S,1.17422,1.17439,-1.7,-0.7,DECLINING,"Pips declining: -1.7 (max was: -0.7, declining count: 1)"
2025-09-25T10:03:00.219267+01:00,69090580,GBP/USD,S,1.3453,1.34514,1.6,1.6,NEW_HIGH,New pip high reached: 1.6 (previous max: 0.4)
2025-09-25T10:04:00.716368+01:00,69090578,EUR/USD,S,1.17422,1.17442,-2.0,-0.7,DECLINING,"Pips declining: -2.0 (max was: -0.7, declining count: 2)"
2025-09-25T10:04:00.716368+01:00,69090580,GBP/USD,S,1.3453,1.34506,2.4,2.4,NEW_HIGH,New pip high reached: 2.4 (previous max: 1.6)
2025-09-25T10:05:00.227880+01:00,69090578,EUR/USD,S,1.17422,1.17439,-1.7,-0.7,MONITOR,"Monitoring - Current: -1.7, Max: -0.7"
2025-09-25T10:05:00.231913+01:00,69090580,GBP/USD,S,1.3453,1.34498,3.2,3.2,NEW_HIGH,New pip high reached: 3.2 (previous max: 2.4)
2025-09-25T10:06:00.745238+01:00,69090578,EUR/USD,S,1.17422,1.17439,-1.7,-0.7,MONITOR,"Monitoring - Current: -1.7, Max: -0.7"
2025-09-25T10:06:00.748228+01:00,69090580,GBP/USD,S,1.3453,1.34507,2.3,3.2,DECLINING,"Pips declining: 2.3 (max was: 3.2, declining count: 1)"
2025-09-25T10:07:00.249465+01:00,69090578,EUR/USD,S,1.17422,1.17446,-2.4,-0.7,DECLINING,"Pips declining: -2.4 (max was: -0.7, declining count: 1)"
2025-09-25T10:07:00.251490+01:00,69090580,GBP/USD,S,1.3453,1.34507,2.3,3.2,MONITOR,"Monitoring - Current: 2.3, Max: 3.2"
2025-09-25T10:08:00.787155+01:00,69090578,EUR/USD,S,1.17422,1.17471,-4.9,-0.7,DECLINING,"Pips declining: -4.9 (max was: -0.7, declining count: 2)"
2025-09-25T10:08:00.789384+01:00,69090580,GBP/USD,S,1.3453,1.34538,-0.8,3.2,DECLINING,"Pips declining: -0.8 (max was: 3.2, declining count: 1)"
2025-09-25T10:09:00.343835+01:00,69090578,EUR/USD,S,1.17422,1.175,-7.8,-0.7,DECLINING,"Pips declining: -7.8 (max was: -0.7, declining count: 3)"
2025-09-25T10:09:00.347291+01:00,69090580,GBP/USD,S,1.3453,1.3457000000000001,-4.0,-4.0,AUTO_CLOSE,Auto-closed due to pip decline from 3.2 to -4.0 (Success: True)
2025-09-25T10:10:00.829690+01:00,69090578,EUR/USD,S,1.17422,1.17493,-7.1,-0.7,MONITOR,"Monitoring - Current: -7.1, Max: -0.7"
2025-09-25T10:11:00.277154+01:00,69090578,EUR/USD,S,1.17422,1.17517,-9.5,-0.7,DECLINING,"Pips declining: -9.5 (max was: -0.7, declining count: 1)"
2025-09-25T10:12:00.796602+01:00,69090578,EUR/USD,S,1.17422,1.17488,-6.6,-0.7,MONITOR,"Monitoring - Current: -6.6, Max: -0.7"
2025-09-25T10:13:00.282358+01:00,69090583,USD/JPY,B,148.706,148.70999999999998,0.4,0.4,TRACK_START,Started tracking trade - Initial pips: 0.4
2025-09-25T10:13:00.284341+01:00,69090584,GBP/USD,S,1.34579,1.34573,0.6,0.6,TRACK_START,Started tracking trade - Initial pips: 0.6
2025-09-25T10:13:00.286341+01:00,69090578,EUR/USD,S,1.17422,1.17487,-6.5,-0.7,MONITOR,"Monitoring - Current: -6.5, Max: -0.7"
2025-09-25T10:14:00.757975+01:00,69090583,USD/JPY,B,148.706,148.721,1.5,1.5,NEW_HIGH,New pip high reached: 1.5 (previous max: 0.4)
2025-09-25T10:14:00.757975+01:00,69090584,GBP/USD,S,1.34579,1.34551,2.8,2.8,NEW_HIGH,New pip high reached: 2.8 (previous max: 0.6)
2025-09-25T10:14:00.757975+01:00,69090578,EUR/USD,S,1.17422,1.1748,-5.8,-0.7,MONITOR,"Monitoring - Current: -5.8, Max: -0.7"
2025-09-25T10:15:00.310625+01:00,69090583,USD/JPY,B,148.706,148.732,2.6,2.6,NEW_HIGH,New pip high reached: 2.6 (previous max: 1.5)
2025-09-25T10:15:00.310625+01:00,69090584,GBP/USD,S,1.34579,1.34561,1.8,2.8,DECLINING,"Pips declining: 1.8 (max was: 2.8, declining count: 1)"
2025-09-25T10:15:00.314863+01:00,69090578,EUR/USD,S,1.17422,1.17484,-6.2,-0.7,DECLINING,"Pips declining: -6.2 (max was: -0.7, declining count: 1)"
2025-09-25T10:16:00.861864+01:00,69090583,USD/JPY,B,148.706,148.726,2.0,2.6,DECLINING,"Pips declining: 2.0 (max was: 2.6, declining count: 1)"
2025-09-25T10:16:00.864106+01:00,69090584,GBP/USD,S,1.34579,1.34558,2.1,2.8,MONITOR,"Monitoring - Current: 2.1, Max: 2.8"
2025-09-25T10:16:00.865107+01:00,69090578,EUR/USD,S,1.17422,1.17481,-5.9,-0.7,MONITOR,"Monitoring - Current: -5.9, Max: -0.7"
2025-09-25T10:17:00.349835+01:00,69090583,USD/JPY,B,148.706,148.743,3.7,3.7,NEW_HIGH,New pip high reached: 3.7 (previous max: 2.6)
2025-09-25T10:17:00.351867+01:00,69090584,GBP/USD,S,1.34579,1.34551,2.8,2.8,MONITOR,"Monitoring - Current: 2.8, Max: 2.8"
2025-09-25T10:17:00.352902+01:00,69090578,EUR/USD,S,1.17422,1.17472,-5.0,-0.7,MONITOR,"Monitoring - Current: -5.0, Max: -0.7"
2025-09-25T10:18:00.907117+01:00,69090583,USD/JPY,B,148.706,148.744,3.8,3.8,NEW_HIGH,New pip high reached: 3.8 (previous max: 3.7)
2025-09-25T10:18:00.909468+01:00,69090584,GBP/USD,S,1.34579,1.34548,3.1,3.1,NEW_HIGH,New pip high reached: 3.1 (previous max: 2.8)
2025-09-25T10:18:00.910484+01:00,69090578,EUR/USD,S,1.17422,1.17468,-4.6,-0.7,MONITOR,"Monitoring - Current: -4.6, Max: -0.7"
2025-09-25T10:19:00.450326+01:00,69090583,USD/JPY,B,148.706,148.753,4.7,4.7,NEW_HIGH,New pip high reached: 4.7 (previous max: 3.8)
2025-09-25T10:19:00.453710+01:00,69090584,GBP/USD,S,1.34579,1.3455300000000001,2.6,3.1,DECLINING,"Pips declining: 2.6 (max was: 3.1, declining count: 1)"
2025-09-25T10:19:00.455710+01:00,69090578,EUR/USD,S,1.17422,1.17465,-4.3,-0.7,MONITOR,"Monitoring - Current: -4.3, Max: -0.7"
2025-09-25T10:20:01.001444+01:00,69090583,USD/JPY,B,148.706,148.75799999999998,5.2,5.2,NEW_HIGH,New pip high reached: 5.2 (previous max: 4.7)
2025-09-25T10:20:01.003708+01:00,69090584,GBP/USD,S,1.34579,1.34539,4.0,4.0,NEW_HIGH,New pip high reached: 4.0 (previous max: 3.1)
2025-09-25T10:20:01.006207+01:00,69090578,EUR/USD,S,1.17422,1.17456,-3.4,-0.7,MONITOR,"Monitoring - Current: -3.4, Max: -0.7"
2025-09-25T10:21:00.562803+01:00,69090583,USD/JPY,B,148.706,148.755,4.9,5.2,DECLINING,"Pips declining: 4.9 (max was: 5.2, declining count: 1)"
2025-09-25T10:21:00.565231+01:00,69090584,GBP/USD,S,1.34579,1.34541,3.8,4.0,DECLINING,"Pips declining: 3.8 (max was: 4.0, declining count: 1)"
2025-09-25T10:21:00.567236+01:00,69090578,EUR/USD,S,1.17422,1.17455,-3.3,-0.7,MONITOR,"Monitoring - Current: -3.3, Max: -0.7"
2025-09-25T10:22:00.109634+01:00,69090583,USD/JPY,B,148.706,148.759,5.3,5.3,NEW_HIGH,New pip high reached: 5.3 (previous max: 5.2)
2025-09-25T10:22:00.113096+01:00,69090584,GBP/USD,S,1.34579,1.34543,3.6,3.6,AUTO_CLOSE,Auto-closed due to pip decline from 4.0 to 3.6 (Success: True)
2025-09-25T10:22:00.114088+01:00,69090578,EUR/USD,S,1.17422,1.17452,-3.0,-0.7,MONITOR,"Monitoring - Current: -3.0, Max: -0.7"
2025-09-25T10:23:00.571166+01:00,69090583,USD/JPY,B,148.706,148.76399999999998,5.8,5.8,NEW_HIGH,New pip high reached: 5.8 (previous max: 5.3)
2025-09-25T10:23:00.573505+01:00,69090578,EUR/USD,S,1.17422,1.17447,-2.5,-0.7,MONITOR,"Monitoring - Current: -2.5, Max: -0.7"
2025-09-25T10:24:00.076327+01:00,69090583,USD/JPY,B,148.706,148.73499999999999,2.9,5.8,DECLINING,"Pips declining: 2.9 (max was: 5.8, declining count: 1)"
2025-09-25T10:24:00.078325+01:00,69090578,EUR/USD,S,1.17422,1.17446,-2.4,-0.7,MONITOR,"Monitoring - Current: -2.4, Max: -0.7"
2025-09-25T10:25:00.575456+01:00,69090583,USD/JPY,B,148.706,148.759,5.3,5.8,MONITOR,"Monitoring - Current: 5.3, Max: 5.8"
2025-09-25T10:25:00.577467+01:00,69090578,EUR/USD,S,1.17422,1.1744,-1.8,-0.7,MONITOR,"Monitoring - Current: -1.8, Max: -0.7"
2025-09-25T10:26:00.102406+01:00,69090583,USD/JPY,B,148.706,148.767,6.1,6.1,NEW_HIGH,New pip high reached: 6.1 (previous max: 5.8)
2025-09-25T10:26:00.103403+01:00,69090578,EUR/USD,S,1.17422,1.17437,-1.5,-0.7,MONITOR,"Monitoring - Current: -1.5, Max: -0.7"
2025-09-25T10:27:00.621533+01:00,69090583,USD/JPY,B,148.706,148.783,7.7,7.7,NEW_HIGH,New pip high reached: 7.7 (previous max: 6.1)
2025-09-25T10:27:00.624060+01:00,69090578,EUR/USD,S,1.17422,1.17428,-0.6,-0.6,NEW_HIGH,New pip high reached: -0.6 (previous max: -0.7)
2025-09-25T10:28:00.080910+01:00,69090583,USD/JPY,B,148.706,148.79299999999998,8.7,8.7,NEW_HIGH,New pip high reached: 8.7 (previous max: 7.7)
2025-09-25T10:28:00.082146+01:00,69090578,EUR/USD,S,1.17422,1.17428,-0.6,-0.6,MONITOR,"Monitoring - Current: -0.6, Max: -0.6"
2025-09-25T10:29:00.629288+01:00,69090583,USD/JPY,B,148.706,148.792,8.6,8.7,DECLINING,"Pips declining: 8.6 (max was: 8.7, declining count: 1)"
2025-09-25T10:29:00.630272+01:00,69090578,EUR/USD,S,1.17422,1.17425,-0.3,-0.3,NEW_HIGH,New pip high reached: -0.3 (previous max: -0.6)
2025-09-25T10:30:00.117663+01:00,69090583,USD/JPY,B,148.706,148.792,8.6,8.7,MONITOR,"Monitoring - Current: 8.6, Max: 8.7"
2025-09-25T10:30:00.118656+01:00,69090578,EUR/USD,S,1.17422,1.17422,0.0,0.0,NEW_HIGH,New pip high reached: 0.0 (previous max: -0.3)
2025-09-25T10:31:00.579247+01:00,69090583,USD/JPY,B,148.706,148.79999999999998,9.4,9.4,NEW_HIGH,New pip high reached: 9.4 (previous max: 8.7)
2025-09-25T10:31:00.581417+01:00,69090578,EUR/USD,S,1.17422,1.17419,0.3,0.3,NEW_HIGH,New pip high reached: 0.3 (previous max: 0.0)
2025-09-25T10:32:00.093128+01:00,69090583,USD/JPY,B,148.706,148.798,9.2,9.4,DECLINING,"Pips declining: 9.2 (max was: 9.4, declining count: 1)"
2025-09-25T10:32:00.095317+01:00,69090578,EUR/USD,S,1.17422,1.17419,0.3,0.3,MONITOR,"Monitoring - Current: 0.3, Max: 0.3"
2025-09-25T10:33:00.579723+01:00,69090583,USD/JPY,B,148.706,148.772,6.6,6.6,AUTO_CLOSE,Auto-closed due to pip decline from 9.4 to 6.6 (Success: True)
2025-09-25T10:33:00.580742+01:00,69090578,EUR/USD,S,1.17422,1.1744,-1.8,0.3,DECLINING,"Pips declining: -1.8 (max was: 0.3, declining count: 1)"
2025-09-25T10:34:00.089689+01:00,69090578,EUR/USD,S,1.17422,1.17439,-1.7,0.3,MONITOR,"Monitoring - Current: -1.7, Max: 0.3"
2025-09-25T10:35:00.624121+01:00,69090578,EUR/USD,S,1.17422,1.17437,-1.5,0.3,MONITOR,"Monitoring - Current: -1.5, Max: 0.3"
2025-09-25T10:36:00.129721+01:00,69090578,EUR/USD,S,1.17422,1.17425,-0.3,0.3,MONITOR,"Monitoring - Current: -0.3, Max: 0.3"
2025-09-25T10:37:00.624643+01:00,69090578,EUR/USD,S,1.17422,1.17409,1.3,1.3,NEW_HIGH,New pip high reached: 1.3 (previous max: 0.3)
2025-09-25T10:38:00.126911+01:00,69090578,EUR/USD,S,1.17422,1.17398,2.4,2.4,NEW_HIGH,New pip high reached: 2.4 (previous max: 1.3)
2025-09-25T10:39:00.658071+01:00,69090578,EUR/USD,S,1.17422,1.17407,1.5,2.4,DECLINING,"Pips declining: 1.5 (max was: 2.4, declining count: 1)"
2025-09-25T10:40:00.176111+01:00,69090578,EUR/USD,S,1.17422,1.17411,1.1,1.1,AUTO_CLOSE,Auto-closed due to pip decline from 2.4 to 1.1 (Success: True)
2025-09-25T11:20:00.545958+01:00,69090607,GBP/USD,S,1.34525,1.34534,-0.9,-0.9,TRACK_START,Started tracking trade - Initial pips: -0.9
2025-09-25T11:21:00.038503+01:00,69090607,GBP/USD,S,1.34525,1.34504,2.1,2.1,NEW_HIGH,New pip high reached: 2.1 (previous max: -0.9)
2025-09-25T11:22:00.591973+01:00,69090607,GBP/USD,S,1.34525,1.34508,1.7,2.1,DECLINING,"Pips declining: 1.7 (max was: 2.1, declining count: 1)"
2025-09-25T11:23:00.110240+01:00,69090607,GBP/USD,S,1.34525,1.3450900000000001,1.6,1.6,AUTO_CLOSE,Auto-closed due to pip decline from 2.1 to 1.6 (Success: True)
2025-09-25T11:24:00.610573+01:00,69090608,GBP/USD,S,1.34504,1.34514,-1.0,-1.0,TRACK_START,Started tracking trade - Initial pips: -1.0
2025-09-25T11:25:00.110536+01:00,69090608,GBP/USD,S,1.34504,1.34498,0.6,0.6,NEW_HIGH,New pip high reached: 0.6 (previous max: -1.0)
2025-09-25T11:26:00.600205+01:00,69090608,GBP/USD,S,1.34504,1.34499,0.5,0.6,DECLINING,"Pips declining: 0.5 (max was: 0.6, declining count: 1)"
2025-09-25T11:27:00.144208+01:00,69090608,GBP/USD,S,1.34504,1.34488,1.6,1.6,NEW_HIGH,New pip high reached: 1.6 (previous max: 0.6)
2025-09-25T11:28:00.699412+01:00,69090608,GBP/USD,S,1.34504,1.34506,-0.2,1.6,DECLINING,"Pips declining: -0.2 (max was: 1.6, declining count: 1)"
2025-09-25T11:29:00.184288+01:00,69090608,GBP/USD,S,1.34504,1.34496,0.8,1.6,MONITOR,"Monitoring - Current: 0.8, Max: 1.6"
2025-09-25T11:30:00.717239+01:00,69090608,GBP/USD,S,1.34504,1.34494,1.0,1.6,MONITOR,"Monitoring - Current: 1.0, Max: 1.6"
2025-09-25T11:31:00.261951+01:00,69090608,GBP/USD,S,1.34504,1.34507,-0.3,1.6,DECLINING,"Pips declining: -0.3 (max was: 1.6, declining count: 1)"
2025-09-25T11:32:00.784155+01:00,69090608,GBP/USD,S,1.34504,1.34514,-1.0,-1.0,AUTO_CLOSE,Auto-closed due to pip decline from 1.6 to -1.0 (Success: True)
2025-09-25T11:43:00.213321+01:00,69090615,GBP/USD,S,1.34536,1.34543,-0.7,-0.7,TRACK_START,Started tracking trade - Initial pips: -0.7
2025-09-25T11:44:00.720806+01:00,69090615,GBP/USD,S,1.34536,1.34537,-0.1,-0.1,NEW_HIGH,New pip high reached: -0.1 (previous max: -0.7)
2025-09-25T11:45:00.185944+01:00,69090615,GBP/USD,S,1.34536,1.34535,0.1,0.1,NEW_HIGH,New pip high reached: 0.1 (previous max: -0.1)
2025-09-25T11:46:00.757291+01:00,69090615,GBP/USD,S,1.34536,1.3454,-0.4,0.1,DECLINING,"Pips declining: -0.4 (max was: 0.1, declining count: 1)"
2025-09-25T11:47:00.294508+01:00,69090615,GBP/USD,S,1.34536,1.3453600000000001,-0.0,0.1,MONITOR,"Monitoring - Current: -0.0, Max: 0.1"
2025-09-25T11:48:00.812955+01:00,69090615,GBP/USD,S,1.34536,1.34526,1.0,1.0,NEW_HIGH,New pip high reached: 1.0 (previous max: 0.1)
2025-09-25T11:49:00.299304+01:00,69090615,GBP/USD,S,1.34536,1.34531,0.5,1.0,DECLINING,"Pips declining: 0.5 (max was: 1.0, declining count: 1)"
2025-09-25T11:50:00.808732+01:00,69090615,GBP/USD,S,1.34536,1.34527,0.9,1.0,MONITOR,"Monitoring - Current: 0.9, Max: 1.0"
2025-09-25T11:51:00.276681+01:00,69090615,GBP/USD,S,1.34536,1.34517,1.9,1.9,NEW_HIGH,New pip high reached: 1.9 (previous max: 1.0)
2025-09-25T11:52:00.793412+01:00,69090615,GBP/USD,S,1.34536,1.34519,1.7,1.9,DECLINING,"Pips declining: 1.7 (max was: 1.9, declining count: 1)"
2025-09-25T11:53:00.272674+01:00,69090615,GBP/USD,S,1.34536,1.3452,1.6,1.6,AUTO_CLOSE,Auto-closed due to pip decline from 1.9 to 1.6 (Success: True)
2025-09-25T12:04:00.960506+01:00,69090623,GBP/USD,B,1.34461,1.34454,-0.7,-0.7,TRACK_START,Started tracking trade - Initial pips: -0.7
2025-09-25T12:04:00.962153+01:00,69090624,EUR/USD,B,1.17442,1.17442,0.0,0.0,TRACK_START,Started tracking trade - Initial pips: 0.0
2025-09-25T12:05:00.443901+01:00,69090623,GBP/USD,B,1.34461,1.34445,-1.6,-0.7,DECLINING,"Pips declining: -1.6 (max was: -0.7, declining count: 1)"
2025-09-25T12:05:00.446107+01:00,69090624,EUR/USD,B,1.17442,1.17439,-0.3,0.0,DECLINING,"Pips declining: -0.3 (max was: 0.0, declining count: 1)"
2025-09-25T12:06:00.892810+01:00,69090623,GBP/USD,B,1.34461,1.34428,-3.3,-0.7,DECLINING,"Pips declining: -3.3 (max was: -0.7, declining count: 2)"
2025-09-25T12:06:00.895994+01:00,69090624,EUR/USD,B,1.17442,1.1743,-1.2,0.0,DECLINING,"Pips declining: -1.2 (max was: 0.0, declining count: 2)"
2025-09-25T12:07:00.373806+01:00,69090623,GBP/USD,B,1.34461,1.3442399999999999,-3.7,-0.7,DECLINING,"Pips declining: -3.7 (max was: -0.7, declining count: 3)"
2025-09-25T12:07:00.374808+01:00,69090624,EUR/USD,B,1.17442,1.1742299999999999,-1.9,0.0,DECLINING,"Pips declining: -1.9 (max was: 0.0, declining count: 3)"
2025-09-25T12:08:00.859243+01:00,69090623,GBP/USD,B,1.34461,1.34425,-3.6,-0.7,MONITOR,"Monitoring - Current: -3.6, Max: -0.7"
2025-09-25T12:08:00.860243+01:00,69090624,EUR/USD,B,1.17442,1.17415,-2.7,0.0,DECLINING,"Pips declining: -2.7 (max was: 0.0, declining count: 4)"
2025-09-25T12:09:00.359099+01:00,69090623,GBP/USD,B,1.34461,1.34428,-3.3,-0.7,MONITOR,"Monitoring - Current: -3.3, Max: -0.7"
2025-09-25T12:09:00.362039+01:00,69090624,EUR/USD,B,1.17442,1.17426,-1.6,0.0,MONITOR,"Monitoring - Current: -1.6, Max: 0.0"
2025-09-25T12:09:00.364122+01:00,69090626,USD/JPY,S,148.869,148.85500000000002,1.4,1.4,TRACK_START,Started tracking trade - Initial pips: 1.4
2025-09-25T12:10:00.831466+01:00,69090623,GBP/USD,B,1.34461,1.34416,-4.5,-0.7,DECLINING,"Pips declining: -4.5 (max was: -0.7, declining count: 1)"
2025-09-25T12:10:00.833968+01:00,69090624,EUR/USD,B,1.17442,1.1743,-1.2,0.0,MONITOR,"Monitoring - Current: -1.2, Max: 0.0"
2025-09-25T12:10:00.836161+01:00,69090626,USD/JPY,S,148.869,148.848,2.1,2.1,NEW_HIGH,New pip high reached: 2.1 (previous max: 1.4)
2025-09-25T12:11:00.345219+01:00,69090623,GBP/USD,B,1.34461,1.3439,-7.1,-0.7,DECLINING,"Pips declining: -7.1 (max was: -0.7, declining count: 2)"
2025-09-25T12:11:00.345219+01:00,69090624,EUR/USD,B,1.17442,1.17434,-0.8,0.0,MONITOR,"Monitoring - Current: -0.8, Max: 0.0"
2025-09-25T12:11:00.347964+01:00,69090626,USD/JPY,S,148.869,148.857,1.2,2.1,DECLINING,"Pips declining: 1.2 (max was: 2.1, declining count: 1)"
2025-09-25T12:12:00.835838+01:00,69090624,EUR/USD,B,1.17442,1.1742,-2.2,0.0,DECLINING,"Pips declining: -2.2 (max was: 0.0, declining count: 1)"
2025-09-25T12:12:00.837998+01:00,69090626,USD/JPY,S,148.869,148.877,-0.8,-0.8,AUTO_CLOSE,Auto-closed due to pip decline from 2.1 to -0.8 (Success: True)
2025-09-25T12:13:00.377062+01:00,69090624,EUR/USD,B,1.17442,1.1742,-2.2,0.0,MONITOR,"Monitoring - Current: -2.2, Max: 0.0"
2025-09-25T12:14:00.892957+01:00,69090624,EUR/USD,B,1.17442,1.17409,-3.3,0.0,DECLINING,"Pips declining: -3.3 (max was: 0.0, declining count: 1)"
2025-09-25T12:15:00.372197+01:00,69090624,EUR/USD,B,1.17442,1.17399,-4.3,0.0,DECLINING,"Pips declining: -4.3 (max was: 0.0, declining count: 2)"
2025-09-25T12:16:00.907686+01:00,69090629,USD/JPY,S,148.886,148.865,2.1,2.1,TRACK_START,Started tracking trade - Initial pips: 2.1
2025-09-25T12:16:00.909630+01:00,69090624,EUR/USD,B,1.17442,1.17415,-2.7,0.0,MONITOR,"Monitoring - Current: -2.7, Max: 0.0"
2025-09-25T12:17:00.433229+01:00,69090629,USD/JPY,S,148.886,148.87,1.6,2.1,DECLINING,"Pips declining: 1.6 (max was: 2.1, declining count: 1)"
2025-09-25T12:17:00.434248+01:00,69090624,EUR/USD,B,1.17442,1.17409,-3.3,0.0,DECLINING,"Pips declining: -3.3 (max was: 0.0, declining count: 1)"
2025-09-25T12:18:00.968828+01:00,69090629,USD/JPY,S,148.886,148.858,2.8,2.8,NEW_HIGH,New pip high reached: 2.8 (previous max: 2.1)
2025-09-25T12:18:00.970837+01:00,69090624,EUR/USD,B,1.17442,1.17428,-1.4,0.0,MONITOR,"Monitoring - Current: -1.4, Max: 0.0"
2025-09-25T12:18:00.972833+01:00,69090630,GBP/USD,B,1.34346,1.34343,-0.3,-0.3,TRACK_START,Started tracking trade - Initial pips: -0.3
2025-09-25T12:19:00.470494+01:00,69090629,USD/JPY,S,148.886,148.875,1.1,2.8,DECLINING,"Pips declining: 1.1 (max was: 2.8, declining count: 1)"
2025-09-25T12:19:00.470494+01:00,69090624,EUR/USD,B,1.17442,1.17415,-2.7,0.0,DECLINING,"Pips declining: -2.7 (max was: 0.0, declining count: 1)"
2025-09-25T12:19:00.470494+01:00,69090630,GBP/USD,B,1.34346,1.34335,-1.1,-0.3,DECLINING,"Pips declining: -1.1 (max was: -0.3, declining count: 1)"
2025-09-25T12:20:00.935826+01:00,69090629,USD/JPY,S,148.886,148.875,1.1,2.8,MONITOR,"Monitoring - Current: 1.1, Max: 2.8"
2025-09-25T12:20:00.935826+01:00,69090624,EUR/USD,B,1.17442,1.17428,-1.4,0.0,MONITOR,"Monitoring - Current: -1.4, Max: 0.0"
2025-09-25T12:20:00.939859+01:00,69090630,GBP/USD,B,1.34346,1.34335,-1.1,-0.3,MONITOR,"Monitoring - Current: -1.1, Max: -0.3"
2025-09-25T12:21:00.437603+01:00,69090629,USD/JPY,S,148.886,148.87800000000001,0.8,2.8,DECLINING,"Pips declining: 0.8 (max was: 2.8, declining count: 1)"
2025-09-25T12:21:00.438605+01:00,69090624,EUR/USD,B,1.17442,1.17416,-2.6,0.0,DECLINING,"Pips declining: -2.6 (max was: 0.0, declining count: 1)"
2025-09-25T12:21:00.440615+01:00,69090630,GBP/USD,B,1.34346,1.34323,-2.3,-0.3,DECLINING,"Pips declining: -2.3 (max was: -0.3, declining count: 1)"
2025-09-25T12:22:00.955298+01:00,69090629,USD/JPY,S,148.886,148.874,1.2,2.8,MONITOR,"Monitoring - Current: 1.2, Max: 2.8"
2025-09-25T12:22:00.957304+01:00,69090624,EUR/USD,B,1.17442,1.17415,-2.7,0.0,DECLINING,"Pips declining: -2.7 (max was: 0.0, declining count: 2)"
2025-09-25T12:22:00.959283+01:00,69090630,GBP/USD,B,1.34346,1.34313,-3.3,-0.3,DECLINING,"Pips declining: -3.3 (max was: -0.3, declining count: 2)"
2025-09-25T12:23:00.499477+01:00,69090629,USD/JPY,S,148.886,148.87900000000002,0.7,2.8,DECLINING,"Pips declining: 0.7 (max was: 2.8, declining count: 1)"
2025-09-25T12:23:00.500476+01:00,69090624,EUR/USD,B,1.17442,1.17409,-3.3,0.0,DECLINING,"Pips declining: -3.3 (max was: 0.0, declining count: 3)"
2025-09-25T12:23:00.503302+01:00,69090630,GBP/USD,B,1.34346,1.34314,-3.2,-0.3,MONITOR,"Monitoring - Current: -3.2, Max: -0.3"
2025-09-25T12:24:00.064620+01:00,69090629,USD/JPY,S,148.886,148.87,1.6,2.8,MONITOR,"Monitoring - Current: 1.6, Max: 2.8"
2025-09-25T12:24:00.064620+01:00,69090624,EUR/USD,B,1.17442,1.17409,-3.3,0.0,MONITOR,"Monitoring - Current: -3.3, Max: 0.0"
2025-09-25T12:24:00.072364+01:00,69090630,GBP/USD,B,1.34346,1.34313,-3.3,-0.3,DECLINING,"Pips declining: -3.3 (max was: -0.3, declining count: 1)"
2025-09-25T12:25:00.586773+01:00,69090629,USD/JPY,S,148.886,148.875,1.1,2.8,DECLINING,"Pips declining: 1.1 (max was: 2.8, declining count: 1)"
2025-09-25T12:25:00.589562+01:00,69090624,EUR/USD,B,1.17442,1.17407,-3.5,0.0,DECLINING,"Pips declining: -3.5 (max was: 0.0, declining count: 1)"
2025-09-25T12:25:00.592228+01:00,69090630,GBP/USD,B,1.34346,1.34311,-3.5,-0.3,DECLINING,"Pips declining: -3.5 (max was: -0.3, declining count: 2)"
2025-09-25T12:26:00.150599+01:00,69090629,USD/JPY,S,148.886,148.872,1.4,2.8,MONITOR,"Monitoring - Current: 1.4, Max: 2.8"
2025-09-25T12:26:00.151578+01:00,69090624,EUR/USD,B,1.17442,1.17404,-3.8,0.0,DECLINING,"Pips declining: -3.8 (max was: 0.0, declining count: 2)"
2025-09-25T12:26:00.153641+01:00,69090630,GBP/USD,B,1.34346,1.3432,-2.6,-0.3,MONITOR,"Monitoring - Current: -2.6, Max: -0.3"
2025-09-25T12:27:00.652092+01:00,69090629,USD/JPY,S,148.886,148.871,1.5,2.8,MONITOR,"Monitoring - Current: 1.5, Max: 2.8"
2025-09-25T12:27:00.653308+01:00,69090624,EUR/USD,B,1.17442,1.1741,-3.2,0.0,MONITOR,"Monitoring - Current: -3.2, Max: 0.0"
2025-09-25T12:27:00.656146+01:00,69090630,GBP/USD,B,1.34346,1.34328,-1.8,-0.3,MONITOR,"Monitoring - Current: -1.8, Max: -0.3"
2025-09-25T12:28:00.173129+01:00,69090629,USD/JPY,S,148.886,148.872,1.4,2.8,DECLINING,"Pips declining: 1.4 (max was: 2.8, declining count: 1)"
2025-09-25T12:28:00.174130+01:00,69090624,EUR/USD,B,1.17442,1.17413,-2.9,0.0,MONITOR,"Monitoring - Current: -2.9, Max: 0.0"
2025-09-25T12:28:00.176548+01:00,69090630,GBP/USD,B,1.34346,1.34331,-1.5,-0.3,MONITOR,"Monitoring - Current: -1.5, Max: -0.3"
2025-09-25T12:29:00.658258+01:00,69090629,USD/JPY,S,148.886,148.86700000000002,1.9,2.8,MONITOR,"Monitoring - Current: 1.9, Max: 2.8"
2025-09-25T12:29:00.659271+01:00,69090624,EUR/USD,B,1.17442,1.17425,-1.7,0.0,MONITOR,"Monitoring - Current: -1.7, Max: 0.0"
2025-09-25T12:29:00.661257+01:00,69090630,GBP/USD,B,1.34346,1.34335,-1.1,-0.3,MONITOR,"Monitoring - Current: -1.1, Max: -0.3"
2025-09-25T12:30:00.152355+01:00,69090629,USD/JPY,S,148.886,148.859,2.7,2.8,MONITOR,"Monitoring - Current: 2.7, Max: 2.8"
2025-09-25T12:30:00.153438+01:00,69090624,EUR/USD,B,1.17442,1.17418,-2.4,0.0,DECLINING,"Pips declining: -2.4 (max was: 0.0, declining count: 1)"
2025-09-25T12:30:00.155873+01:00,69090630,GBP/USD,B,1.34346,1.34325,-2.1,-0.3,DECLINING,"Pips declining: -2.1 (max was: -0.3, declining count: 1)"
2025-09-25T12:31:00.639202+01:00,69090629,USD/JPY,S,148.886,148.836,5.0,5.0,NEW_HIGH,New pip high reached: 5.0 (previous max: 2.8)
2025-09-25T12:31:00.641222+01:00,69090624,EUR/USD,B,1.17442,1.17424,-1.8,0.0,MONITOR,"Monitoring - Current: -1.8, Max: 0.0"
2025-09-25T12:31:00.644741+01:00,69090630,GBP/USD,B,1.34346,1.34317,-2.9,-0.3,DECLINING,"Pips declining: -2.9 (max was: -0.3, declining count: 2)"
2025-09-25T12:32:00.117001+01:00,69090629,USD/JPY,S,148.886,148.848,3.8,5.0,DECLINING,"Pips declining: 3.8 (max was: 5.0, declining count: 1)"
2025-09-25T12:32:00.119000+01:00,69090624,EUR/USD,B,1.17442,1.1742,-2.2,0.0,DECLINING,"Pips declining: -2.2 (max was: 0.0, declining count: 1)"
2025-09-25T12:32:00.121382+01:00,69090630,GBP/USD,B,1.34346,1.3430199999999999,-4.4,-0.3,DECLINING,"Pips declining: -4.4 (max was: -0.3, declining count: 3)"
2025-09-25T12:33:00.617239+01:00,69090629,USD/JPY,S,148.886,148.846,4.0,5.0,MONITOR,"Monitoring - Current: 4.0, Max: 5.0"
2025-09-25T12:33:00.618231+01:00,69090624,EUR/USD,B,1.17442,1.17429,-1.3,0.0,MONITOR,"Monitoring - Current: -1.3, Max: 0.0"
2025-09-25T12:33:00.620535+01:00,69090630,GBP/USD,B,1.34346,1.34303,-4.3,-0.3,MONITOR,"Monitoring - Current: -4.3, Max: -0.3"
2025-09-25T12:34:00.094993+01:00,69090629,USD/JPY,S,148.886,148.839,4.7,5.0,MONITOR,"Monitoring - Current: 4.7, Max: 5.0"
2025-09-25T12:34:00.096993+01:00,69090624,EUR/USD,B,1.17442,1.17432,-1.0,0.0,MONITOR,"Monitoring - Current: -1.0, Max: 0.0"
2025-09-25T12:34:00.099004+01:00,69090630,GBP/USD,B,1.34346,1.34313,-3.3,-0.3,MONITOR,"Monitoring - Current: -3.3, Max: -0.3"
2025-09-25T12:35:00.533968+01:00,69090629,USD/JPY,S,148.886,148.836,5.0,5.0,MONITOR,"Monitoring - Current: 5.0, Max: 5.0"
2025-09-25T12:35:00.534965+01:00,69090624,EUR/USD,B,1.17442,1.17425,-1.7,0.0,DECLINING,"Pips declining: -1.7 (max was: 0.0, declining count: 1)"
2025-09-25T12:35:00.538369+01:00,69090630,GBP/USD,B,1.34346,1.3430199999999999,-4.4,-0.3,DECLINING,"Pips declining: -4.4 (max was: -0.3, declining count: 1)"
2025-09-25T12:36:00.028878+01:00,69090629,USD/JPY,S,148.886,148.833,5.3,5.3,NEW_HIGH,New pip high reached: 5.3 (previous max: 5.0)
2025-09-25T12:36:00.030883+01:00,69090624,EUR/USD,B,1.17442,1.17418,-2.4,0.0,DECLINING,"Pips declining: -2.4 (max was: 0.0, declining count: 2)"
2025-09-25T12:36:00.031880+01:00,69090630,GBP/USD,B,1.34346,1.34284,-6.2,-0.3,DECLINING,"Pips declining: -6.2 (max was: -0.3, declining count: 2)"
2025-09-25T12:37:00.499590+01:00,69090629,USD/JPY,S,148.886,148.82500000000002,6.1,6.1,NEW_HIGH,New pip high reached: 6.1 (previous max: 5.3)
2025-09-25T12:37:00.499590+01:00,69090624,EUR/USD,B,1.17442,1.17409,-3.3,0.0,DECLINING,"Pips declining: -3.3 (max was: 0.0, declining count: 3)"
2025-09-25T12:37:00.503888+01:00,69090630,GBP/USD,B,1.34346,1.34272,-7.4,-0.3,DECLINING,"Pips declining: -7.4 (max was: -0.3, declining count: 3)"
2025-09-25T12:38:00.021435+01:00,69090629,USD/JPY,S,148.886,148.834,5.2,6.1,DECLINING,"Pips declining: 5.2 (max was: 6.1, declining count: 1)"
2025-09-25T12:38:00.022433+01:00,69090624,EUR/USD,B,1.17442,1.17394,-4.8,0.0,DECLINING,"Pips declining: -4.8 (max was: 0.0, declining count: 4)"
2025-09-25T12:39:00.519180+01:00,69090629,USD/JPY,S,148.886,148.851,3.5,3.5,AUTO_CLOSE,Auto-closed due to pip decline from 6.1 to 3.5 (Success: True)
2025-09-25T12:39:00.519180+01:00,69090624,EUR/USD,B,1.17442,1.17378,-6.4,0.0,DECLINING,"Pips declining: -6.4 (max was: 0.0, declining count: 5)"
2025-09-25T12:40:00.046559+01:00,69090624,EUR/USD,B,1.17442,1.17366,-7.6,0.0,DECLINING,"Pips declining: -7.6 (max was: 0.0, declining count: 6)"
2025-09-25T12:41:00.546347+01:00,69090624,EUR/USD,B,1.17442,1.17363,-7.9,0.0,DECLINING,"Pips declining: -7.9 (max was: 0.0, declining count: 7)"
2025-09-25T12:42:00.030290+01:00,69090624,EUR/USD,B,1.17442,1.17365,-7.7,0.0,MONITOR,"Monitoring - Current: -7.7, Max: 0.0"
2025-09-25T12:43:00.544810+01:00,69090624,EUR/USD,B,1.17442,1.17355,-8.7,0.0,DECLINING,"Pips declining: -8.7 (max was: 0.0, declining count: 1)"
2025-09-25T12:44:00.039578+01:00,69090624,EUR/USD,B,1.17442,1.17356,-8.6,0.0,MONITOR,"Monitoring - Current: -8.6, Max: 0.0"
2025-09-25T12:45:00.504794+01:00,69090624,EUR/USD,B,1.17442,1.17357,-8.5,0.0,MONITOR,"Monitoring - Current: -8.5, Max: 0.0"
2025-09-25T12:46:00.992805+01:00,69090624,EUR/USD,B,1.17442,1.17366,-7.6,0.0,MONITOR,"Monitoring - Current: -7.6, Max: 0.0"
2025-09-25T12:47:00.537900+01:00,69090624,EUR/USD,B,1.17442,1.17367,-7.5,0.0,MONITOR,"Monitoring - Current: -7.5, Max: 0.0"
2025-09-25T12:48:00.047621+01:00,69090624,EUR/USD,B,1.17442,1.17384,-5.8,0.0,MONITOR,"Monitoring - Current: -5.8, Max: 0.0"
2025-09-25T12:49:00.548904+01:00,69090624,EUR/USD,B,1.17442,1.17372,-7.0,0.0,DECLINING,"Pips declining: -7.0 (max was: 0.0, declining count: 1)"
2025-09-25T12:50:00.046593+01:00,69090624,EUR/USD,B,1.17442,1.17374,-6.8,0.0,MONITOR,"Monitoring - Current: -6.8, Max: 0.0"
2025-09-25T12:51:00.553140+01:00,69090624,EUR/USD,B,1.17442,1.1737,-7.2,0.0,DECLINING,"Pips declining: -7.2 (max was: 0.0, declining count: 1)"
2025-09-25T12:52:00.060446+01:00,69090624,EUR/USD,B,1.17442,1.17361,-8.1,0.0,DECLINING,"Pips declining: -8.1 (max was: 0.0, declining count: 2)"
2025-09-25T12:53:00.567310+01:00,69090624,EUR/USD,B,1.17442,1.1737,-7.2,0.0,MONITOR,"Monitoring - Current: -7.2, Max: 0.0"
2025-09-25T12:54:00.110481+01:00,69090624,EUR/USD,B,1.17442,1.17385,-5.7,0.0,MONITOR,"Monitoring - Current: -5.7, Max: 0.0"
2025-09-25T12:55:00.630328+01:00,69090624,EUR/USD,B,1.17442,1.17365,-7.7,0.0,DECLINING,"Pips declining: -7.7 (max was: 0.0, declining count: 1)"
2025-09-25T12:56:00.164741+01:00,69090624,EUR/USD,B,1.17442,1.1739,-5.2,0.0,MONITOR,"Monitoring - Current: -5.2, Max: 0.0"
2025-09-25T12:57:00.642235+01:00,69090624,EUR/USD,B,1.17442,1.17387,-5.5,0.0,DECLINING,"Pips declining: -5.5 (max was: 0.0, declining count: 1)"
2025-09-25T12:58:00.206060+01:00,69090624,EUR/USD,B,1.17442,1.1740599999999999,-3.6,0.0,MONITOR,"Monitoring - Current: -3.6, Max: 0.0"
2025-09-25T12:59:00.723502+01:00,69090624,EUR/USD,B,1.17442,1.17405,-3.7,0.0,DECLINING,"Pips declining: -3.7 (max was: 0.0, declining count: 1)"
2025-09-25T13:00:00.244170+01:00,69090624,EUR/USD,B,1.17442,1.174,-4.2,0.0,DECLINING,"Pips declining: -4.2 (max was: 0.0, declining count: 2)"
2025-09-25T13:01:00.760975+01:00,69090624,EUR/USD,B,1.17442,1.17408,-3.4,0.0,MONITOR,"Monitoring - Current: -3.4, Max: 0.0"
2025-09-25T13:02:00.294575+01:00,69090624,EUR/USD,B,1.17442,1.17411,-3.1,0.0,MONITOR,"Monitoring - Current: -3.1, Max: 0.0"
2025-09-25T13:03:00.818747+01:00,69090624,EUR/USD,B,1.17442,1.17418,-2.4,0.0,MONITOR,"Monitoring - Current: -2.4, Max: 0.0"
2025-09-25T13:04:00.363022+01:00,69090624,EUR/USD,B,1.17442,1.17434,-0.8,0.0,MONITOR,"Monitoring - Current: -0.8, Max: 0.0"
2025-09-25T13:05:00.890504+01:00,69090624,EUR/USD,B,1.17442,1.17426,-1.6,0.0,DECLINING,"Pips declining: -1.6 (max was: 0.0, declining count: 1)"
2025-09-25T13:06:00.408591+01:00,69090648,EUR/USD,S,1.17426,1.17401,2.5,2.5,TRACK_START,Started tracking trade - Initial pips: 2.5
2025-09-25T13:07:00.919004+01:00,69090648,EUR/USD,S,1.17426,1.1738,4.6,4.6,NEW_HIGH,New pip high reached: 4.6 (previous max: 2.5)
2025-09-25T13:08:00.432274+01:00,69090648,EUR/USD,S,1.17426,1.17373,5.3,5.3,NEW_HIGH,New pip high reached: 5.3 (previous max: 4.6)
2025-09-25T13:09:00.978969+01:00,69090648,EUR/USD,S,1.17426,1.17397,2.9,5.3,DECLINING,"Pips declining: 2.9 (max was: 5.3, declining count: 1)"
2025-09-25T13:10:00.470232+01:00,69090648,EUR/USD,S,1.17426,1.17389,3.7,5.3,MONITOR,"Monitoring - Current: 3.7, Max: 5.3"
2025-09-25T13:12:00.506759+01:00,69090648,EUR/USD,S,1.17426,1.17358,6.8,6.8,NEW_HIGH,New pip high reached: 6.8 (previous max: 5.3)
2025-09-25T13:13:00.980228+01:00,69090648,EUR/USD,S,1.17426,1.17343,8.3,8.3,NEW_HIGH,New pip high reached: 8.3 (previous max: 6.8)
2025-09-25T13:14:00.477417+01:00,69090648,EUR/USD,S,1.17426,1.17342,8.4,8.4,NEW_HIGH,New pip high reached: 8.4 (previous max: 8.3)
2025-09-25T13:20:00.411755+01:00,69090648,EUR/USD,S,1.17426,1.17348,7.8,7.8,TRACK_START,Started tracking trade at 4+ pips threshold - Initial pips: 7.8
2025-09-25T13:21:00.829338+01:00,69090648,EUR/USD,S,1.17426,1.17359,6.7,7.8,DECLINING,"Pips declining: 6.7 (max was: 7.8, declining count: 1)"
